{"packages":{"dragonrun1\/phpspec":{"2.1.2":{"name":"dragonrun1\/phpspec","description":"Specification-oriented BDD framework for PHP 5.3+","keywords":["testing","BDD","TDD","spec","tests","SpecBDD","specification"],"homepage":"http:\/\/phpspec.net\/","version":"2.1.2","version_normalized":"2.1.2.0","license":["MIT"],"authors":[{"name":"Konstantin Kudryashov","email":"ever.zet@gmail.com","homepage":"http:\/\/everzet.com"},{"name":"Marcello Duarte","homepage":"http:\/\/marcelloduarte.net\/"},{"name":"Michael Cummings","email":"mgcummings@yahoo.com"}],"source":{"type":"git","url":"https:\/\/github.com\/Dragonrun1\/phpspec.git","reference":"696fcb1649aeeecd2e3f1c86bd44f2f4bd93bf50"},"dist":{"type":"zip","url":"https:\/\/api.github.com\/repos\/Dragonrun1\/phpspec\/zipball\/696fcb1649aeeecd2e3f1c86bd44f2f4bd93bf50","reference":"696fcb1649aeeecd2e3f1c86bd44f2f4bd93bf50","shasum":""},"type":"library","time":"2015-02-16T23:42:33+00:00","autoload":{"psr-0":{"PhpSpec\\":"src\/"}},"extra":{"branch-alias":{"dev-master":"2.1.x-dev"}},"bin":["bin\/phpspec"],"require":{"php":">=5.3.3","phpspec\/prophecy":"~1.1","phpspec\/php-diff":"~1.0.0","sebastian\/exporter":"~1.0","symfony\/console":"~2.3","symfony\/event-dispatcher":"~2.1","symfony\/finder":"~2.1","symfony\/process":"~2.1","symfony\/yaml":"~2.1","doctrine\/instantiator":"^1.0.1"},"require-dev":{"behat\/behat":"^3.0.11","bossa\/phpspec2-expect":"~1.0","symfony\/filesystem":"~2.1","symfony\/process":"~2.1","phpunit\/phpunit":"~4.4"},"suggest":{"phpspec\/nyan-formatters":"~1.0 \u2013 Adds Nyan formatters"},"replace":{"phpspec\/phpspec":"2.0.*"},"uid":332929},"dev-master":{"name":"dragonrun1\/phpspec","description":"Specification-oriented BDD framework for PHP 5.3+","keywords":["testing","BDD","TDD","spec","tests","SpecBDD","specification"],"homepage":"http:\/\/phpspec.net\/","version":"dev-master","version_normalized":"9999999-dev","license":["MIT"],"authors":[{"name":"Konstantin Kudryashov","email":"ever.zet@gmail.com","homepage":"http:\/\/everzet.com"},{"name":"Marcello Duarte","homepage":"http:\/\/marcelloduarte.net\/"},{"name":"Michael Cummings","email":"mgcummings@yahoo.com"}],"source":{"type":"git","url":"https:\/\/github.com\/Dragonrun1\/phpspec.git","reference":"c4d53cd895546a6b006c2cd331f0aba47af492a2"},"dist":{"type":"zip","url":"https:\/\/api.github.com\/repos\/Dragonrun1\/phpspec\/zipball\/c4d53cd895546a6b006c2cd331f0aba47af492a2","reference":"c4d53cd895546a6b006c2cd331f0aba47af492a2","shasum":""},"type":"library","time":"2015-07-08T22:20:35+00:00","autoload":{"psr-0":{"PhpSpec\\":"src\/"}},"extra":{"branch-alias":{"dev-master":"2.2.x-dev"}},"bin":["bin\/phpspec"],"require":{"php":">=5.3.3","sebastian\/exporter":"~1.0","symfony\/console":"~2.3","symfony\/event-dispatcher":"~2.1","symfony\/finder":"~2.1","symfony\/process":"~2.1","symfony\/yaml":"~2.1","phpspec\/php-diff":"~1.0.0","doctrine\/instantiator":"^1.0.1","phpspec\/prophecy":"~1.4"},"require-dev":{"symfony\/filesystem":"~2.1","behat\/behat":"^3.0.11","bossa\/phpspec2-expect":"~1.0","symfony\/process":"~2.1","phpunit\/phpunit":"~4.4"},"suggest":{"phpspec\/nyan-formatters":"~1.0 \u2013 Adds Nyan formatters"},"replace":{"phpspec\/phpspec":"2.0.*"},"uid":306373}},"phpspec\/phpspec":{"1.4.0":{"name":"phpspec\/phpspec","description":"PHPSpec: The BDD Specification Library","keywords":["BDD","test","spec"],"homepage":"http:\/\/phpspec.net","version":"1.4.0","version_normalized":"1.4.0.0","license":["LGPL"],"authors":[{"name":"PHPSpec Team","homepage":"https:\/\/github.com\/phpspec\/phpspec\/contributors"}],"source":{"type":"git","url":"https:\/\/github.com\/phpspec\/phpspec.git","reference":"d517e2824cb7ee4c1dbd789a7e83a9f4ef2403e8"},"dist":{"type":"zip","url":"https:\/\/api.github.com\/repos\/phpspec\/phpspec\/zipball\/d517e2824cb7ee4c1dbd789a7e83a9f4ef2403e8","reference":"d517e2824cb7ee4c1dbd789a7e83a9f4ef2403e8","shasum":""},"type":"library","time":"2012-08-01T16:02:31+00:00","autoload":{"psr-0":{"PHPSpec\\":"src\/"}},"bin":["scripts\/phpspec.php"],"require":{"php":">=5.3.2","mockery\/mockery":"0.7.*","sebastianbergmann\/php-text-template":"1.1.1"},"uid":16208},"1.4.1":{"name":"phpspec\/phpspec","description":"PHPSpec: The BDD Specification Library","keywords":["BDD","test","spec"],"homepage":"http:\/\/phpspec.net","version":"1.4.1","version_normalized":"1.4.1.0","license":["LGPL"],"authors":[{"name":"PHPSpec Team","homepage":"https:\/\/github.com\/phpspec\/phpspec\/contributors"}],"source":{"type":"git","url":"https:\/\/github.com\/phpspec\/phpspec.git","reference":"21f1693ef9cb1d98ffe36806e6f64b552fd918ba"},"dist":{"type":"zip","url":"https:\/\/api.github.com\/repos\/phpspec\/phpspec\/zipball\/21f1693ef9cb1d98ffe36806e6f64b552fd918ba","reference":"21f1693ef9cb1d98ffe36806e6f64b552fd918ba","shasum":""},"type":"library","time":"2012-08-07T21:07:06+00:00","autoload":{"psr-0":{"PHPSpec":"src\/"}},"bin":["scripts\/phpspec.php"],"require":{"php":">=5.3.2","mockery\/mockery":"0.7.*","sebastianbergmann\/php-text-template":"1.1.1"},"uid":16575},"1.4.2":{"name":"phpspec\/phpspec","description":"PHPSpec: The BDD Specification Library","keywords":["BDD","test","spec"],"homepage":"http:\/\/phpspec.net","version":"1.4.2","version_normalized":"1.4.2.0","license":["LGPL"],"authors":[{"name":"PHPSpec Team","homepage":"https:\/\/github.com\/phpspec\/phpspec\/contributors"}],"source":{"type":"git","url":"https:\/\/github.com\/phpspec\/phpspec.git","reference":"dd7e1a8242562438425a6e1c24decefb697b8744"},"dist":{"type":"zip","url":"https:\/\/api.github.com\/repos\/phpspec\/phpspec\/zipball\/dd7e1a8242562438425a6e1c24decefb697b8744","reference":"dd7e1a8242562438425a6e1c24decefb697b8744","shasum":""},"type":"library","time":"2012-09-08T13:19:10+00:00","autoload":{"psr-0":{"PHPSpec":"src\/"}},"bin":["scripts\/phpspec.php"],"require":{"php":">=5.3.2","mockery\/mockery":"0.7.*","sebastianbergmann\/php-text-template":"1.1.1"},"uid":18982},"1.4.3":{"name":"phpspec\/phpspec","description":"PHPSpec: The BDD Specification Library","keywords":["BDD","test","spec"],"homepage":"http:\/\/phpspec.net","version":"1.4.3","version_normalized":"1.4.3.0","license":["LGPL"],"authors":[{"name":"PHPSpec Team","homepage":"https:\/\/github.com\/phpspec\/phpspec\/contributors"}],"source":{"type":"git","url":"https:\/\/github.com\/phpspec\/phpspec.git","reference":"cb54c94f89a5e1f4098363e19ccfe624b3e5346f"},"dist":{"type":"zip","url":"https:\/\/api.github.com\/repos\/phpspec\/phpspec\/zipball\/cb54c94f89a5e1f4098363e19ccfe624b3e5346f","reference":"cb54c94f89a5e1f4098363e19ccfe624b3e5346f","shasum":""},"type":"library","time":"2012-10-03T14:07:08+00:00","autoload":{"psr-0":{"PHPSpec":"src\/"}},"bin":["scripts\/phpspec.php"],"require":{"php":">=5.3.2","mockery\/mockery":"0.7.*","sebastianbergmann\/php-text-template":"1.1.1"},"uid":51659},"2.0.0":{"name":"phpspec\/phpspec","description":"Specification-oriented BDD framework for PHP 5.3+","keywords":["testing","BDD","TDD","spec","tests","SpecBDD","specification"],"homepage":"http:\/\/phpspec.net\/","version":"2.0.0","version_normalized":"2.0.0.0","license":["MIT"],"authors":[{"name":"Konstantin Kudryashov","email":"ever.zet@gmail.com","homepage":"http:\/\/everzet.com"},{"name":"Marcello Duarte","homepage":"http:\/\/marcelloduarte.net\/"}],"source":{"type":"git","url":"https:\/\/github.com\/phpspec\/phpspec.git","reference":"1aade5766ddf4f28fdcf0a34d6ed642393d6c43d"},"dist":{"type":"zip","url":"https:\/\/api.github.com\/repos\/phpspec\/phpspec\/zipball\/1aade5766ddf4f28fdcf0a34d6ed642393d6c43d","reference":"1aade5766ddf4f28fdcf0a34d6ed642393d6c43d","shasum":""},"type":"library","time":"2014-03-19T14:23:43+00:00","autoload":{"psr-0":{"PhpSpec":"src\/"}},"extra":{"branch-alias":{"dev-master":"2.0.x-dev"}},"bin":["bin\/phpspec"],"require":{"php":">=5.3.3","phpspec\/prophecy":"~1.1","phpspec\/php-diff":"~1.0.0","symfony\/console":"~2.1","symfony\/event-dispatcher":"~2.1","symfony\/finder":"~2.1","symfony\/yaml":"~2.1"},"require-dev":{"behat\/behat":"~2.5","bossa\/phpspec2-expect":"dev-master","symfony\/filesystem":"~2.1"},"suggest":{"phpspec\/nyan-formatters":"~1.0 \u2013 Adds Nyan formatters"},"uid":147287},"2.0.0-BETA1":{"name":"phpspec\/phpspec","description":"Specification-oriented BDD framework for PHP 5.3+","keywords":["testing","BDD","TDD","spec","tests","SpecBDD","specification"],"homepage":"http:\/\/phpspec.net\/","version":"2.0.0-BETA1","version_normalized":"2.0.0.0-beta1","license":["MIT"],"authors":[{"name":"Konstantin Kudryashov","email":"ever.zet@gmail.com","homepage":"http:\/\/everzet.com"},{"name":"Marcello Duarte","homepage":"http:\/\/marcelloduarte.net\/"}],"source":{"type":"git","url":"https:\/\/github.com\/phpspec\/phpspec.git","reference":"9b920ef3b16ede8ef1dbc4ffc6378d069a9691bb"},"dist":{"type":"zip","url":"https:\/\/api.github.com\/repos\/phpspec\/phpspec\/zipball\/9b920ef3b16ede8ef1dbc4ffc6378d069a9691bb","reference":"9b920ef3b16ede8ef1dbc4ffc6378d069a9691bb","shasum":""},"type":"library","time":"2013-04-29T15:51:39+00:00","autoload":{"psr-0":{"PhpSpec":"src\/"}},"extra":{"branch-alias":{"dev-develop":"2.0.x-dev"}},"bin":["bin\/phpspec"],"require":{"php":">=5.3.3","phpspec\/prophecy":"~1.0.0","phpspec\/php-diff":"~1.0.0","symfony\/console":"~2.1","symfony\/event-dispatcher":"~2.1","symfony\/finder":"~2.1","symfony\/yaml":"~2.1"},"uid":51655},"2.0.0-BETA2":{"name":"phpspec\/phpspec","description":"Specification-oriented BDD framework for PHP 5.3+","keywords":["testing","BDD","TDD","spec","tests","SpecBDD","specification"],"homepage":"http:\/\/phpspec.net\/","version":"2.0.0-BETA2","version_normalized":"2.0.0.0-beta2","license":["MIT"],"authors":[{"name":"Konstantin Kudryashov","email":"ever.zet@gmail.com","homepage":"http:\/\/everzet.com"},{"name":"Marcello Duarte","homepage":"http:\/\/marcelloduarte.net\/"}],"source":{"type":"git","url":"https:\/\/github.com\/phpspec\/phpspec.git","reference":"1db7d7a2cdefea453541fe6c256aa1d1b93fe8fd"},"dist":{"type":"zip","url":"https:\/\/api.github.com\/repos\/phpspec\/phpspec\/zipball\/1db7d7a2cdefea453541fe6c256aa1d1b93fe8fd","reference":"1db7d7a2cdefea453541fe6c256aa1d1b93fe8fd","shasum":""},"type":"library","time":"2013-04-30T09:55:46+00:00","autoload":{"psr-0":{"PhpSpec":"src\/"}},"extra":{"branch-alias":{"dev-master":"2.0.x-dev"}},"bin":["bin\/phpspec"],"require":{"php":">=5.3.3","phpspec\/prophecy":"~1.0.1","phpspec\/php-diff":"~1.0.0","symfony\/console":"~2.1","symfony\/event-dispatcher":"~2.1","symfony\/finder":"~2.1","symfony\/yaml":"~2.1"},"uid":51814},"2.0.0-BETA3":{"name":"phpspec\/phpspec","description":"Specification-oriented BDD framework for PHP 5.3+","keywords":["testing","BDD","TDD","spec","tests","SpecBDD","specification"],"homepage":"http:\/\/phpspec.net\/","version":"2.0.0-BETA3","version_normalized":"2.0.0.0-beta3","license":["MIT"],"authors":[{"name":"Konstantin Kudryashov","email":"ever.zet@gmail.com","homepage":"http:\/\/everzet.com"},{"name":"Marcello Duarte","homepage":"http:\/\/marcelloduarte.net\/"}],"source":{"type":"git","url":"https:\/\/github.com\/phpspec\/phpspec.git","reference":"97b9c0394d238e0ac19a6c7160ceed2cbc682377"},"dist":{"type":"zip","url":"https:\/\/api.github.com\/repos\/phpspec\/phpspec\/zipball\/97b9c0394d238e0ac19a6c7160ceed2cbc682377","reference":"97b9c0394d238e0ac19a6c7160ceed2cbc682377","shasum":""},"type":"library","time":"2013-05-01T08:58:11+00:00","autoload":{"psr-0":{"PhpSpec":"src\/"}},"extra":{"branch-alias":{"dev-master":"2.0.x-dev"}},"bin":["bin\/phpspec"],"require":{"php":">=5.3.3","phpspec\/prophecy":"~1.0.1","phpspec\/php-diff":"~1.0.0","symfony\/console":"~2.1","symfony\/event-dispatcher":"~2.1","symfony\/finder":"~2.1","symfony\/yaml":"~2.1"},"uid":52095},"2.0.0-BETA4":{"name":"phpspec\/phpspec","description":"Specification-oriented BDD framework for PHP 5.3+","keywords":["testing","BDD","TDD","spec","tests","SpecBDD","specification"],"homepage":"http:\/\/phpspec.net\/","version":"2.0.0-BETA4","version_normalized":"2.0.0.0-beta4","license":["MIT"],"authors":[{"name":"Konstantin Kudryashov","email":"ever.zet@gmail.com","homepage":"http:\/\/everzet.com"},{"name":"Marcello Duarte","homepage":"http:\/\/marcelloduarte.net\/"}],"source":{"type":"git","url":"https:\/\/github.com\/phpspec\/phpspec.git","reference":"3bcf4e4ec83dc345d0fff7f22b0641a25403dcc9"},"dist":{"type":"zip","url":"https:\/\/api.github.com\/repos\/phpspec\/phpspec\/zipball\/3bcf4e4ec83dc345d0fff7f22b0641a25403dcc9","reference":"3bcf4e4ec83dc345d0fff7f22b0641a25403dcc9","shasum":""},"type":"library","time":"2013-05-19T10:19:57+00:00","autoload":{"psr-0":{"PhpSpec":"src\/"}},"extra":{"branch-alias":{"dev-master":"2.0.x-dev"}},"bin":["bin\/phpspec"],"require":{"php":">=5.3.3","phpspec\/prophecy":"~1.0.2","phpspec\/php-diff":"~1.0.0","symfony\/console":"~2.1","symfony\/event-dispatcher":"~2.1","symfony\/finder":"~2.1","symfony\/yaml":"~2.1"},"uid":56278},"2.0.0-RC1":{"name":"phpspec\/phpspec","description":"Specification-oriented BDD framework for PHP 5.3+","keywords":["testing","BDD","TDD","spec","tests","SpecBDD","specification"],"homepage":"http:\/\/phpspec.net\/","version":"2.0.0-RC1","version_normalized":"2.0.0.0-RC1","license":["MIT"],"authors":[{"name":"Konstantin Kudryashov","email":"ever.zet@gmail.com","homepage":"http:\/\/everzet.com"},{"name":"Marcello Duarte","homepage":"http:\/\/marcelloduarte.net\/"}],"source":{"type":"git","url":"https:\/\/github.com\/phpspec\/phpspec.git","reference":"bf4c59ff50f35f6b62f95ef5df86654eaa1c0eb7"},"dist":{"type":"zip","url":"https:\/\/api.github.com\/repos\/phpspec\/phpspec\/zipball\/bf4c59ff50f35f6b62f95ef5df86654eaa1c0eb7","reference":"bf4c59ff50f35f6b62f95ef5df86654eaa1c0eb7","shasum":""},"type":"library","time":"2013-12-26T00:15:12+00:00","autoload":{"psr-0":{"PhpSpec":"src\/"}},"extra":{"branch-alias":{"dev-master":"2.0.x-dev"}},"bin":["bin\/phpspec"],"require":{"php":">=5.3.3","phpspec\/prophecy":"~1.0.2","phpspec\/php-diff":"~1.0.0","symfony\/console":"~2.1","symfony\/event-dispatcher":"~2.1","symfony\/finder":"~2.1","symfony\/yaml":"~2.1"},"suggest":{"whatthejeff\/nyancat-scoreboard":"~1.1 \u2013 Enables the Nyan Cat formatter"},"uid":113894},"2.0.0-RC2":{"name":"phpspec\/phpspec","description":"Specification-oriented BDD framework for PHP 5.3+","keywords":["testing","BDD","TDD","spec","tests","SpecBDD","specification"],"homepage":"http:\/\/phpspec.net\/","version":"2.0.0-RC2","version_normalized":"2.0.0.0-RC2","license":["MIT"],"authors":[{"name":"Konstantin Kudryashov","email":"ever.zet@gmail.com","homepage":"http:\/\/everzet.com"},{"name":"Marcello Duarte","homepage":"http:\/\/marcelloduarte.net\/"}],"source":{"type":"git","url":"https:\/\/github.com\/phpspec\/phpspec.git","reference":"02216d513ec3f17a06750854d44e372e3b14bda4"},"dist":{"type":"zip","url":"https:\/\/api.github.com\/repos\/phpspec\/phpspec\/zipball\/02216d513ec3f17a06750854d44e372e3b14bda4","reference":"02216d513ec3f17a06750854d44e372e3b14bda4","shasum":""},"type":"library","time":"2013-12-30T16:25:34+00:00","autoload":{"psr-0":{"PhpSpec":"src\/"}},"extra":{"branch-alias":{"dev-master":"2.0.x-dev"}},"bin":["bin\/phpspec"],"require":{"php":">=5.3.3","phpspec\/prophecy":"~1.0.5@dev","phpspec\/php-diff":"~1.0.0","symfony\/console":"~2.1","symfony\/event-dispatcher":"~2.1","symfony\/finder":"~2.1","symfony\/yaml":"~2.1"},"suggest":{"whatthejeff\/nyancat-scoreboard":"~1.1 \u2013 Enables the Nyan Cat formatter"},"uid":115159},"2.0.0-RC3":{"name":"phpspec\/phpspec","description":"Specification-oriented BDD framework for PHP 5.3+","keywords":["testing","BDD","TDD","spec","tests","SpecBDD","specification"],"homepage":"http:\/\/phpspec.net\/","version":"2.0.0-RC3","version_normalized":"2.0.0.0-RC3","license":["MIT"],"authors":[{"name":"Konstantin Kudryashov","email":"ever.zet@gmail.com","homepage":"http:\/\/everzet.com"},{"name":"Marcello Duarte","homepage":"http:\/\/marcelloduarte.net\/"}],"source":{"type":"git","url":"https:\/\/github.com\/phpspec\/phpspec.git","reference":"408670415f422c7bfbfb54d9715ec6f33c4b986d"},"dist":{"type":"zip","url":"https:\/\/api.github.com\/repos\/phpspec\/phpspec\/zipball\/408670415f422c7bfbfb54d9715ec6f33c4b986d","reference":"408670415f422c7bfbfb54d9715ec6f33c4b986d","shasum":""},"type":"library","time":"2014-01-01T21:52:53+00:00","autoload":{"psr-0":{"PhpSpec":"src\/"}},"extra":{"branch-alias":{"dev-master":"2.0.x-dev"}},"bin":["bin\/phpspec"],"require":{"php":">=5.3.3","phpspec\/prophecy":"~1.1","phpspec\/php-diff":"~1.0.0","symfony\/console":"~2.1","symfony\/event-dispatcher":"~2.1","symfony\/finder":"~2.1","symfony\/yaml":"~2.1"},"suggest":{"whatthejeff\/nyancat-scoreboard":"~1.1 \u2013 Enables the Nyan Cat formatter"},"uid":115617},"2.0.0-RC4":{"name":"phpspec\/phpspec","description":"Specification-oriented BDD framework for PHP 5.3+","keywords":["testing","BDD","TDD","spec","tests","SpecBDD","specification"],"homepage":"http:\/\/phpspec.net\/","version":"2.0.0-RC4","version_normalized":"2.0.0.0-RC4","license":["MIT"],"authors":[{"name":"Konstantin Kudryashov","email":"ever.zet@gmail.com","homepage":"http:\/\/everzet.com"},{"name":"Marcello Duarte","homepage":"http:\/\/marcelloduarte.net\/"}],"source":{"type":"git","url":"https:\/\/github.com\/phpspec\/phpspec.git","reference":"f3044160b0da29a67d99052615294434660f02d7"},"dist":{"type":"zip","url":"https:\/\/api.github.com\/repos\/phpspec\/phpspec\/zipball\/f3044160b0da29a67d99052615294434660f02d7","reference":"f3044160b0da29a67d99052615294434660f02d7","shasum":""},"type":"library","time":"2014-02-21T11:03:16+00:00","autoload":{"psr-0":{"PhpSpec":"src\/"}},"extra":{"branch-alias":{"dev-master":"2.0.x-dev"}},"bin":["bin\/phpspec"],"require":{"php":">=5.3.3","phpspec\/prophecy":"~1.1","phpspec\/php-diff":"~1.0.0","symfony\/console":"~2.1","symfony\/event-dispatcher":"~2.1","symfony\/finder":"~2.1","symfony\/yaml":"~2.1"},"require-dev":{"behat\/behat":"~2.5","bossa\/phpspec2-expect":"dev-master"},"suggest":{"phpspec\/nyan-formatters":"~1.0 \u2013 Adds Nyan formatters"},"uid":136614},"2.0.1":{"name":"phpspec\/phpspec","description":"Specification-oriented BDD framework for PHP 5.3+","keywords":["testing","BDD","TDD","spec","tests","SpecBDD","specification"],"homepage":"http:\/\/phpspec.net\/","version":"2.0.1","version_normalized":"2.0.1.0","license":["MIT"],"authors":[{"name":"Konstantin Kudryashov","email":"ever.zet@gmail.com","homepage":"http:\/\/everzet.com"},{"name":"Marcello Duarte","homepage":"http:\/\/marcelloduarte.net\/"}],"source":{"type":"git","url":"https:\/\/github.com\/phpspec\/phpspec.git","reference":"61712147412cb647b6cb68b19833a60bfda759a1"},"dist":{"type":"zip","url":"https:\/\/api.github.com\/repos\/phpspec\/phpspec\/zipball\/61712147412cb647b6cb68b19833a60bfda759a1","reference":"61712147412cb647b6cb68b19833a60bfda759a1","shasum":""},"type":"library","time":"2014-07-01T14:09:19+00:00","autoload":{"psr-0":{"PhpSpec":"src\/"}},"extra":{"branch-alias":{"dev-master":"2.0.x-dev"}},"bin":["bin\/phpspec"],"require":{"php":">=5.3.3","phpspec\/prophecy":"~1.1","phpspec\/php-diff":"~1.0.0","symfony\/console":"~2.1","symfony\/event-dispatcher":"~2.1","symfony\/finder":"~2.1","symfony\/yaml":"~2.1"},"require-dev":{"behat\/behat":"~2.5","bossa\/phpspec2-expect":"dev-master","symfony\/filesystem":"~2.1"},"suggest":{"phpspec\/nyan-formatters":"~1.0 \u2013 Adds Nyan formatters"},"uid":195290},"2.1.0":{"name":"phpspec\/phpspec","description":"Specification-oriented BDD framework for PHP 5.3+","keywords":["testing","BDD","TDD","spec","tests","SpecBDD","specification"],"homepage":"http:\/\/phpspec.net\/","version":"2.1.0","version_normalized":"2.1.0.0","license":["MIT"],"authors":[{"name":"Konstantin Kudryashov","email":"ever.zet@gmail.com","homepage":"http:\/\/everzet.com"},{"name":"Marcello Duarte","homepage":"http:\/\/marcelloduarte.net\/"}],"source":{"type":"git","url":"https:\/\/github.com\/phpspec\/phpspec.git","reference":"3d2ac6c2da3d7c1c42b966a39b0754bd055b4c60"},"dist":{"type":"zip","url":"https:\/\/api.github.com\/repos\/phpspec\/phpspec\/zipball\/3d2ac6c2da3d7c1c42b966a39b0754bd055b4c60","reference":"3d2ac6c2da3d7c1c42b966a39b0754bd055b4c60","shasum":""},"type":"library","time":"2014-12-14T09:37:32+00:00","autoload":{"psr-0":{"PhpSpec":"src\/"}},"extra":{"branch-alias":{"dev-master":"2.1.x-dev"}},"bin":["bin\/phpspec"],"require":{"php":">=5.3.3","phpspec\/prophecy":"~1.1","phpspec\/php-diff":"~1.0.0","sebastian\/exporter":"~1.0","symfony\/console":"~2.3","symfony\/event-dispatcher":"~2.1","symfony\/finder":"~2.1","symfony\/process":"~2.1","symfony\/yaml":"~2.1","doctrine\/instantiator":"~1.0,>=1.0.1"},"require-dev":{"behat\/behat":"~3.0","bossa\/phpspec2-expect":"~1.0","symfony\/filesystem":"~2.1"},"suggest":{"phpspec\/nyan-formatters":"~1.0 \u2013 Adds Nyan formatters"},"uid":288390},"2.1.0-RC1":{"name":"phpspec\/phpspec","description":"Specification-oriented BDD framework for PHP 5.3+","keywords":["testing","BDD","TDD","spec","tests","SpecBDD","specification"],"homepage":"http:\/\/phpspec.net\/","version":"2.1.0-RC1","version_normalized":"2.1.0.0-RC1","license":["MIT"],"authors":[{"name":"Konstantin Kudryashov","email":"ever.zet@gmail.com","homepage":"http:\/\/everzet.com"},{"name":"Marcello Duarte","homepage":"http:\/\/marcelloduarte.net\/"}],"source":{"type":"git","url":"https:\/\/github.com\/phpspec\/phpspec.git","reference":"fbd1e6c577cb64302df2b416407fda396db7e102"},"dist":{"type":"zip","url":"https:\/\/api.github.com\/repos\/phpspec\/phpspec\/zipball\/fbd1e6c577cb64302df2b416407fda396db7e102","reference":"fbd1e6c577cb64302df2b416407fda396db7e102","shasum":""},"type":"library","time":"2014-09-14T12:22:14+00:00","autoload":{"psr-0":{"PhpSpec":"src\/"}},"extra":{"branch-alias":{"dev-master":"2.1.x-dev"}},"bin":["bin\/phpspec"],"require":{"php":">=5.3.3","phpspec\/prophecy":"~1.1","phpspec\/php-diff":"~1.0.0","sebastian\/exporter":"~1.0","symfony\/console":"~2.1","symfony\/event-dispatcher":"~2.1","symfony\/finder":"~2.1","symfony\/process":"~2.1","symfony\/yaml":"~2.1","doctrine\/instantiator":"~1.0,>=1.0.1"},"require-dev":{"behat\/behat":"~3.0","bossa\/phpspec2-expect":"~1.0","symfony\/filesystem":"~2.1"},"suggest":{"phpspec\/nyan-formatters":"~1.0 \u2013 Adds Nyan formatters"},"uid":234695},"2.1.0-RC2":{"name":"phpspec\/phpspec","description":"Specification-oriented BDD framework for PHP 5.3+","keywords":["testing","BDD","TDD","spec","tests","SpecBDD","specification"],"homepage":"http:\/\/phpspec.net\/","version":"2.1.0-RC2","version_normalized":"2.1.0.0-RC2","license":["MIT"],"authors":[{"name":"Konstantin Kudryashov","email":"ever.zet@gmail.com","homepage":"http:\/\/everzet.com"},{"name":"Marcello Duarte","homepage":"http:\/\/marcelloduarte.net\/"}],"source":{"type":"git","url":"https:\/\/github.com\/phpspec\/phpspec.git","reference":"15dda0a8dea8eca78b82310641899e732941cafd"},"dist":{"type":"zip","url":"https:\/\/api.github.com\/repos\/phpspec\/phpspec\/zipball\/15dda0a8dea8eca78b82310641899e732941cafd","reference":"15dda0a8dea8eca78b82310641899e732941cafd","shasum":""},"type":"library","time":"2014-11-27T14:51:46+00:00","autoload":{"psr-0":{"PhpSpec":"src\/"}},"extra":{"branch-alias":{"dev-master":"2.1.x-dev"}},"bin":["bin\/phpspec"],"require":{"php":">=5.3.3","phpspec\/prophecy":"~1.1","phpspec\/php-diff":"~1.0.0","sebastian\/exporter":"~1.0","symfony\/console":"~2.3","symfony\/event-dispatcher":"~2.1","symfony\/finder":"~2.1","symfony\/process":"~2.1","symfony\/yaml":"~2.1","doctrine\/instantiator":"~1.0,>=1.0.1"},"require-dev":{"behat\/behat":"~3.0","bossa\/phpspec2-expect":"~1.0","symfony\/filesystem":"~2.1"},"suggest":{"phpspec\/nyan-formatters":"~1.0 \u2013 Adds Nyan formatters"},"uid":278470},"2.1.0-RC3":{"name":"phpspec\/phpspec","description":"Specification-oriented BDD framework for PHP 5.3+","keywords":["testing","BDD","TDD","spec","tests","SpecBDD","specification"],"homepage":"http:\/\/phpspec.net\/","version":"2.1.0-RC3","version_normalized":"2.1.0.0-RC3","license":["MIT"],"authors":[{"name":"Konstantin Kudryashov","email":"ever.zet@gmail.com","homepage":"http:\/\/everzet.com"},{"name":"Marcello Duarte","homepage":"http:\/\/marcelloduarte.net\/"}],"source":{"type":"git","url":"https:\/\/github.com\/phpspec\/phpspec.git","reference":"3db2020ea22cfd4bc65a68e2b34ebfd6bb1cbf16"},"dist":{"type":"zip","url":"https:\/\/api.github.com\/repos\/phpspec\/phpspec\/zipball\/3db2020ea22cfd4bc65a68e2b34ebfd6bb1cbf16","reference":"3db2020ea22cfd4bc65a68e2b34ebfd6bb1cbf16","shasum":""},"type":"library","time":"2014-12-04T09:06:11+00:00","autoload":{"psr-0":{"PhpSpec":"src\/"}},"extra":{"branch-alias":{"dev-master":"2.1.x-dev"}},"bin":["bin\/phpspec"],"require":{"php":">=5.3.3","phpspec\/prophecy":"~1.1","phpspec\/php-diff":"~1.0.0","sebastian\/exporter":"~1.0","symfony\/console":"~2.3","symfony\/event-dispatcher":"~2.1","symfony\/finder":"~2.1","symfony\/process":"~2.1","symfony\/yaml":"~2.1","doctrine\/instantiator":"~1.0,>=1.0.1"},"require-dev":{"behat\/behat":"~3.0","bossa\/phpspec2-expect":"~1.0","symfony\/filesystem":"~2.1"},"suggest":{"phpspec\/nyan-formatters":"~1.0 \u2013 Adds Nyan formatters"},"uid":282341},"2.1.1":{"name":"phpspec\/phpspec","description":"Specification-oriented BDD framework for PHP 5.3+","keywords":["testing","BDD","TDD","spec","tests","SpecBDD","specification"],"homepage":"http:\/\/phpspec.net\/","version":"2.1.1","version_normalized":"2.1.1.0","license":["MIT"],"authors":[{"name":"Konstantin Kudryashov","email":"ever.zet@gmail.com","homepage":"http:\/\/everzet.com"},{"name":"Marcello Duarte","homepage":"http:\/\/marcelloduarte.net\/"}],"source":{"type":"git","url":"https:\/\/github.com\/phpspec\/phpspec.git","reference":"66a1df93099282b1514e9e001fcf6e9393f7783d"},"dist":{"type":"zip","url":"https:\/\/api.github.com\/repos\/phpspec\/phpspec\/zipball\/66a1df93099282b1514e9e001fcf6e9393f7783d","reference":"66a1df93099282b1514e9e001fcf6e9393f7783d","shasum":""},"type":"library","time":"2015-01-09T13:21:45+00:00","autoload":{"psr-0":{"PhpSpec":"src\/"}},"extra":{"branch-alias":{"dev-master":"2.1.x-dev"}},"bin":["bin\/phpspec"],"require":{"php":">=5.3.3","phpspec\/prophecy":"~1.1","phpspec\/php-diff":"~1.0.0","sebastian\/exporter":"~1.0","symfony\/console":"~2.3","symfony\/event-dispatcher":"~2.1","symfony\/finder":"~2.1","symfony\/process":"~2.1","symfony\/yaml":"~2.1","doctrine\/instantiator":"~1.0,>=1.0.1"},"require-dev":{"behat\/behat":"~3.0,>=3.0.11","bossa\/phpspec2-expect":"~1.0","symfony\/filesystem":"~2.1"},"suggest":{"phpspec\/nyan-formatters":"~1.0 \u2013 Adds Nyan formatters"},"uid":302320},"2.2.0":{"name":"phpspec\/phpspec","description":"Specification-oriented BDD framework for PHP 5.3+","keywords":["testing","BDD","TDD","spec","tests","SpecBDD","specification"],"homepage":"http:\/\/phpspec.net\/","version":"2.2.0","version_normalized":"2.2.0.0","license":["MIT"],"authors":[{"name":"Konstantin Kudryashov","email":"ever.zet@gmail.com","homepage":"http:\/\/everzet.com"},{"name":"Marcello Duarte","homepage":"http:\/\/marcelloduarte.net\/"}],"source":{"type":"git","url":"https:\/\/github.com\/phpspec\/phpspec.git","reference":"9727d75919a00455433e867565bc022f0b985a39"},"dist":{"type":"zip","url":"https:\/\/api.github.com\/repos\/phpspec\/phpspec\/zipball\/9727d75919a00455433e867565bc022f0b985a39","reference":"9727d75919a00455433e867565bc022f0b985a39","shasum":""},"type":"library","time":"2015-04-18T16:22:51+00:00","autoload":{"psr-0":{"PhpSpec":"src\/"}},"extra":{"branch-alias":{"dev-master":"2.2.x-dev"}},"bin":["bin\/phpspec"],"require":{"php":">=5.3.3","phpspec\/prophecy":"~1.4","phpspec\/php-diff":"~1.0.0","sebastian\/exporter":"~1.0","symfony\/console":"~2.3","symfony\/event-dispatcher":"~2.1","symfony\/finder":"~2.1","symfony\/process":"~2.1","symfony\/yaml":"~2.1","doctrine\/instantiator":"^1.0.1"},"require-dev":{"behat\/behat":"^3.0.11","bossa\/phpspec2-expect":"~1.0","symfony\/filesystem":"~2.1","symfony\/process":"~2.1","phpunit\/phpunit":"~4.4"},"suggest":{"phpspec\/nyan-formatters":"~1.0 \u2013 Adds Nyan formatters"},"uid":384824},"2.2.0-BETA":{"name":"phpspec\/phpspec","description":"Specification-oriented BDD framework for PHP 5.3+","keywords":["testing","BDD","TDD","spec","tests","SpecBDD","specification"],"homepage":"http:\/\/phpspec.net\/","version":"2.2.0-BETA","version_normalized":"2.2.0.0-beta","license":["MIT"],"authors":[{"name":"Konstantin Kudryashov","email":"ever.zet@gmail.com","homepage":"http:\/\/everzet.com"},{"name":"Marcello Duarte","homepage":"http:\/\/marcelloduarte.net\/"}],"source":{"type":"git","url":"https:\/\/github.com\/phpspec\/phpspec.git","reference":"a0e90a11eebe03588347acaa0ed60b84ae627fe8"},"dist":{"type":"zip","url":"https:\/\/api.github.com\/repos\/phpspec\/phpspec\/zipball\/a0e90a11eebe03588347acaa0ed60b84ae627fe8","reference":"a0e90a11eebe03588347acaa0ed60b84ae627fe8","shasum":""},"type":"library","time":"2015-03-28T11:05:22+00:00","autoload":{"psr-0":{"PhpSpec":"src\/"}},"extra":{"branch-alias":{"dev-master":"2.2.x-dev"}},"bin":["bin\/phpspec"],"require":{"php":">=5.3.3","phpspec\/prophecy":"~1.4","phpspec\/php-diff":"~1.0.0","sebastian\/exporter":"~1.0","symfony\/console":"~2.3","symfony\/event-dispatcher":"~2.1","symfony\/finder":"~2.1","symfony\/process":"~2.1","symfony\/yaml":"~2.1","doctrine\/instantiator":"^1.0.1"},"require-dev":{"behat\/behat":"^3.0.11","bossa\/phpspec2-expect":"~1.0","symfony\/filesystem":"~2.1","symfony\/process":"~2.1","phpunit\/phpunit":"~4.4"},"suggest":{"phpspec\/nyan-formatters":"~1.0 \u2013 Adds Nyan formatters"},"uid":368173},"2.2.0-BETA2":{"name":"phpspec\/phpspec","description":"Specification-oriented BDD framework for PHP 5.3+","keywords":["testing","BDD","TDD","spec","tests","SpecBDD","specification"],"homepage":"http:\/\/phpspec.net\/","version":"2.2.0-BETA2","version_normalized":"2.2.0.0-beta2","license":["MIT"],"authors":[{"name":"Konstantin Kudryashov","email":"ever.zet@gmail.com","homepage":"http:\/\/everzet.com"},{"name":"Marcello Duarte","homepage":"http:\/\/marcelloduarte.net\/"}],"source":{"type":"git","url":"https:\/\/github.com\/phpspec\/phpspec.git","reference":"a37b456e9af8f0a8f46b8877fbc8b42da5bd38ae"},"dist":{"type":"zip","url":"https:\/\/api.github.com\/repos\/phpspec\/phpspec\/zipball\/a37b456e9af8f0a8f46b8877fbc8b42da5bd38ae","reference":"a37b456e9af8f0a8f46b8877fbc8b42da5bd38ae","shasum":""},"type":"library","time":"2015-04-03T09:20:11+00:00","autoload":{"psr-0":{"PhpSpec":"src\/"}},"extra":{"branch-alias":{"dev-master":"2.2.x-dev"}},"bin":["bin\/phpspec"],"require":{"php":">=5.3.3","phpspec\/prophecy":"~1.4","phpspec\/php-diff":"~1.0.0","sebastian\/exporter":"~1.0","symfony\/console":"~2.3","symfony\/event-dispatcher":"~2.1","symfony\/finder":"~2.1","symfony\/process":"~2.1","symfony\/yaml":"~2.1","doctrine\/instantiator":"^1.0.1"},"require-dev":{"behat\/behat":"^3.0.11","bossa\/phpspec2-expect":"~1.0","symfony\/filesystem":"~2.1","symfony\/process":"~2.1","phpunit\/phpunit":"~4.4"},"suggest":{"phpspec\/nyan-formatters":"~1.0 \u2013 Adds Nyan formatters"},"uid":373392},"2.2.0-RC1":{"name":"phpspec\/phpspec","description":"Specification-oriented BDD framework for PHP 5.3+","keywords":["testing","BDD","TDD","spec","tests","SpecBDD","specification"],"homepage":"http:\/\/phpspec.net\/","version":"2.2.0-RC1","version_normalized":"2.2.0.0-RC1","license":["MIT"],"authors":[{"name":"Konstantin Kudryashov","email":"ever.zet@gmail.com","homepage":"http:\/\/everzet.com"},{"name":"Marcello Duarte","homepage":"http:\/\/marcelloduarte.net\/"}],"source":{"type":"git","url":"https:\/\/github.com\/phpspec\/phpspec.git","reference":"726536186b8231d0a15bdc86fb34d6c37df5f961"},"dist":{"type":"zip","url":"https:\/\/api.github.com\/repos\/phpspec\/phpspec\/zipball\/726536186b8231d0a15bdc86fb34d6c37df5f961","reference":"726536186b8231d0a15bdc86fb34d6c37df5f961","shasum":""},"type":"library","time":"2015-04-13T10:42:17+00:00","autoload":{"psr-0":{"PhpSpec":"src\/"}},"extra":{"branch-alias":{"dev-master":"2.2.x-dev"}},"bin":["bin\/phpspec"],"require":{"php":">=5.3.3","phpspec\/prophecy":"~1.4","phpspec\/php-diff":"~1.0.0","sebastian\/exporter":"~1.0","symfony\/console":"~2.3","symfony\/event-dispatcher":"~2.1","symfony\/finder":"~2.1","symfony\/process":"~2.1","symfony\/yaml":"~2.1","doctrine\/instantiator":"^1.0.1"},"require-dev":{"behat\/behat":"^3.0.11","bossa\/phpspec2-expect":"~1.0","symfony\/filesystem":"~2.1","symfony\/process":"~2.1","phpunit\/phpunit":"~4.4"},"suggest":{"phpspec\/nyan-formatters":"~1.0 \u2013 Adds Nyan formatters"},"uid":380365},"2.2.1":{"name":"phpspec\/phpspec","description":"Specification-oriented BDD framework for PHP 5.3+","keywords":["testing","BDD","TDD","spec","tests","SpecBDD","specification"],"homepage":"http:\/\/phpspec.net\/","version":"2.2.1","version_normalized":"2.2.1.0","license":["MIT"],"authors":[{"name":"Konstantin Kudryashov","email":"ever.zet@gmail.com","homepage":"http:\/\/everzet.com"},{"name":"Marcello Duarte","homepage":"http:\/\/marcelloduarte.net\/"}],"source":{"type":"git","url":"https:\/\/github.com\/phpspec\/phpspec.git","reference":"e9a40577323e67f1de2e214abf32976a0352d8f8"},"dist":{"type":"zip","url":"https:\/\/api.github.com\/repos\/phpspec\/phpspec\/zipball\/e9a40577323e67f1de2e214abf32976a0352d8f8","reference":"e9a40577323e67f1de2e214abf32976a0352d8f8","shasum":""},"type":"library","time":"2015-05-30T15:21:40+00:00","autoload":{"psr-0":{"PhpSpec":"src\/"}},"extra":{"branch-alias":{"dev-master":"2.2.x-dev"}},"bin":["bin\/phpspec"],"require":{"php":">=5.3.3","phpspec\/prophecy":"~1.4","phpspec\/php-diff":"~1.0.0","sebastian\/exporter":"~1.0","symfony\/console":"~2.3","symfony\/event-dispatcher":"~2.1","symfony\/finder":"~2.1","symfony\/process":"~2.1","symfony\/yaml":"~2.1","doctrine\/instantiator":"^1.0.1"},"require-dev":{"behat\/behat":"^3.0.11","bossa\/phpspec2-expect":"~1.0","symfony\/filesystem":"~2.1","symfony\/process":"~2.1","phpunit\/phpunit":"~4.4"},"suggest":{"phpspec\/nyan-formatters":"~1.0 \u2013 Adds Nyan formatters"},"uid":420773},"2.3.0":{"name":"phpspec\/phpspec","description":"Specification-oriented BDD framework for PHP 5.3+","keywords":["testing","BDD","TDD","spec","tests","SpecBDD","specification"],"homepage":"http:\/\/phpspec.net\/","version":"2.3.0","version_normalized":"2.3.0.0","license":["MIT"],"authors":[{"name":"Konstantin Kudryashov","email":"ever.zet@gmail.com","homepage":"http:\/\/everzet.com"},{"name":"Marcello Duarte","homepage":"http:\/\/marcelloduarte.net\/"}],"source":{"type":"git","url":"https:\/\/github.com\/phpspec\/phpspec.git","reference":"36635a903bdeb54899d7407bc95610501fd98559"},"dist":{"type":"zip","url":"https:\/\/api.github.com\/repos\/phpspec\/phpspec\/zipball\/36635a903bdeb54899d7407bc95610501fd98559","reference":"36635a903bdeb54899d7407bc95610501fd98559","shasum":""},"type":"library","time":"2015-09-07T07:07:37+00:00","autoload":{"psr-0":{"PhpSpec":"src\/"}},"extra":{"branch-alias":{"dev-master":"2.2.x-dev"}},"bin":["bin\/phpspec"],"require":{"php":">=5.3.3","phpspec\/prophecy":"~1.4","phpspec\/php-diff":"~1.0.0","sebastian\/exporter":"~1.0","symfony\/console":"~2.3","symfony\/event-dispatcher":"~2.1","symfony\/process":"^2.6","symfony\/finder":"~2.1","symfony\/yaml":"~2.1","doctrine\/instantiator":"^1.0.1"},"require-dev":{"behat\/behat":"^3.0.11","bossa\/phpspec2-expect":"~1.0","symfony\/filesystem":"~2.1","phpunit\/phpunit":"~4.4"},"suggest":{"phpspec\/nyan-formatters":"~1.0 \u2013 Adds Nyan formatters"},"uid":513824},"2.3.0-beta":{"name":"phpspec\/phpspec","description":"Specification-oriented BDD framework for PHP 5.3+","keywords":["testing","BDD","TDD","spec","tests","SpecBDD","specification"],"homepage":"http:\/\/phpspec.net\/","version":"2.3.0-beta","version_normalized":"2.3.0.0-beta","license":["MIT"],"authors":[{"name":"Konstantin Kudryashov","email":"ever.zet@gmail.com","homepage":"http:\/\/everzet.com"},{"name":"Marcello Duarte","homepage":"http:\/\/marcelloduarte.net\/"}],"source":{"type":"git","url":"https:\/\/github.com\/phpspec\/phpspec.git","reference":"5858b8b111023248ff8e9fc50e914c54118cd3ff"},"dist":{"type":"zip","url":"https:\/\/api.github.com\/repos\/phpspec\/phpspec\/zipball\/5858b8b111023248ff8e9fc50e914c54118cd3ff","reference":"5858b8b111023248ff8e9fc50e914c54118cd3ff","shasum":""},"type":"library","time":"2015-07-04T10:12:31+00:00","autoload":{"psr-0":{"PhpSpec":"src\/"}},"extra":{"branch-alias":{"dev-master":"2.2.x-dev"}},"bin":["bin\/phpspec"],"require":{"php":">=5.3.3","phpspec\/prophecy":"~1.4","phpspec\/php-diff":"~1.0.0","sebastian\/exporter":"~1.0","symfony\/console":"~2.3","symfony\/event-dispatcher":"~2.1","symfony\/finder":"~2.1","symfony\/process":"~2.1","symfony\/yaml":"~2.1","doctrine\/instantiator":"^1.0.1"},"require-dev":{"behat\/behat":"^3.0.11","bossa\/phpspec2-expect":"~1.0","symfony\/filesystem":"~2.1","symfony\/process":"~2.1","phpunit\/phpunit":"~4.4"},"suggest":{"phpspec\/nyan-formatters":"~1.0 \u2013 Adds Nyan formatters"},"uid":452288},"2.3.0-beta2":{"name":"phpspec\/phpspec","description":"Specification-oriented BDD framework for PHP 5.3+","keywords":["testing","BDD","TDD","spec","tests","SpecBDD","specification"],"homepage":"http:\/\/phpspec.net\/","version":"2.3.0-beta2","version_normalized":"2.3.0.0-beta2","license":["MIT"],"authors":[{"name":"Konstantin Kudryashov","email":"ever.zet@gmail.com","homepage":"http:\/\/everzet.com"},{"name":"Marcello Duarte","homepage":"http:\/\/marcelloduarte.net\/"}],"source":{"type":"git","url":"https:\/\/github.com\/phpspec\/phpspec.git","reference":"e35b1140445c268b69ce7f5f07b504b4154c5c4b"},"dist":{"type":"zip","url":"https:\/\/api.github.com\/repos\/phpspec\/phpspec\/zipball\/e35b1140445c268b69ce7f5f07b504b4154c5c4b","reference":"e35b1140445c268b69ce7f5f07b504b4154c5c4b","shasum":""},"type":"library","time":"2015-08-04T08:15:31+00:00","autoload":{"psr-0":{"PhpSpec":"src\/"}},"extra":{"branch-alias":{"dev-master":"2.2.x-dev"}},"bin":["bin\/phpspec"],"require":{"php":">=5.3.3","phpspec\/prophecy":"~1.4","phpspec\/php-diff":"~1.0.0","sebastian\/exporter":"~1.0","symfony\/console":"~2.3","symfony\/event-dispatcher":"~2.1","symfony\/finder":"~2.1","symfony\/yaml":"~2.1","doctrine\/instantiator":"^1.0.1"},"require-dev":{"behat\/behat":"^3.0.11","bossa\/phpspec2-expect":"~1.0","symfony\/filesystem":"~2.1","phpunit\/phpunit":"~4.4","symfony\/process":"^2.6"},"suggest":{"phpspec\/nyan-formatters":"~1.0 \u2013 Adds Nyan formatters"},"uid":485538},"2.3.0-beta3":{"name":"phpspec\/phpspec","description":"Specification-oriented BDD framework for PHP 5.3+","keywords":["testing","BDD","TDD","spec","tests","SpecBDD","specification"],"homepage":"http:\/\/phpspec.net\/","version":"2.3.0-beta3","version_normalized":"2.3.0.0-beta3","license":["MIT"],"authors":[{"name":"Konstantin Kudryashov","email":"ever.zet@gmail.com","homepage":"http:\/\/everzet.com"},{"name":"Marcello Duarte","homepage":"http:\/\/marcelloduarte.net\/"}],"source":{"type":"git","url":"https:\/\/github.com\/phpspec\/phpspec.git","reference":"a897a7b02f42d278ac2381f4cd19b0d2b3b6f478"},"dist":{"type":"zip","url":"https:\/\/api.github.com\/repos\/phpspec\/phpspec\/zipball\/a897a7b02f42d278ac2381f4cd19b0d2b3b6f478","reference":"a897a7b02f42d278ac2381f4cd19b0d2b3b6f478","shasum":""},"type":"library","time":"2015-08-08T15:09:58+00:00","autoload":{"psr-0":{"PhpSpec":"src\/"}},"extra":{"branch-alias":{"dev-master":"2.2.x-dev"}},"bin":["bin\/phpspec"],"require":{"php":">=5.3.3","phpspec\/prophecy":"~1.4","phpspec\/php-diff":"~1.0.0","sebastian\/exporter":"~1.0","symfony\/console":"~2.3","symfony\/event-dispatcher":"~2.1","symfony\/process":"^2.6","symfony\/finder":"~2.1","symfony\/yaml":"~2.1","doctrine\/instantiator":"^1.0.1"},"require-dev":{"behat\/behat":"^3.0.11","bossa\/phpspec2-expect":"~1.0","symfony\/filesystem":"~2.1","phpunit\/phpunit":"~4.4"},"suggest":{"phpspec\/nyan-formatters":"~1.0 \u2013 Adds Nyan formatters"},"uid":485682},"2.3.0-rc1":{"name":"phpspec\/phpspec","description":"Specification-oriented BDD framework for PHP 5.3+","keywords":["testing","BDD","TDD","spec","tests","SpecBDD","specification"],"homepage":"http:\/\/phpspec.net\/","version":"2.3.0-rc1","version_normalized":"2.3.0.0-RC1","license":["MIT"],"authors":[{"name":"Konstantin Kudryashov","email":"ever.zet@gmail.com","homepage":"http:\/\/everzet.com"},{"name":"Marcello Duarte","homepage":"http:\/\/marcelloduarte.net\/"}],"source":{"type":"git","url":"https:\/\/github.com\/phpspec\/phpspec.git","reference":"6c5809238d07e3ef6c60cd4d0493900e67573cb4"},"dist":{"type":"zip","url":"https:\/\/api.github.com\/repos\/phpspec\/phpspec\/zipball\/6c5809238d07e3ef6c60cd4d0493900e67573cb4","reference":"6c5809238d07e3ef6c60cd4d0493900e67573cb4","shasum":""},"type":"library","time":"2015-08-28T19:07:49+00:00","autoload":{"psr-0":{"PhpSpec":"src\/"}},"extra":{"branch-alias":{"dev-master":"2.2.x-dev"}},"bin":["bin\/phpspec"],"require":{"php":">=5.3.3","phpspec\/prophecy":"~1.4","phpspec\/php-diff":"~1.0.0","sebastian\/exporter":"~1.0","symfony\/console":"~2.3","symfony\/event-dispatcher":"~2.1","symfony\/process":"^2.6","symfony\/finder":"~2.1","symfony\/yaml":"~2.1","doctrine\/instantiator":"^1.0.1"},"require-dev":{"behat\/behat":"^3.0.11","bossa\/phpspec2-expect":"~1.0","symfony\/filesystem":"~2.1","phpunit\/phpunit":"~4.4"},"suggest":{"phpspec\/nyan-formatters":"~1.0 \u2013 Adds Nyan formatters"},"uid":505374},"2.4.0-alpha1":{"name":"phpspec\/phpspec","description":"Specification-oriented BDD framework for PHP 5.3+","keywords":["testing","BDD","TDD","spec","tests","SpecBDD","specification"],"homepage":"http:\/\/phpspec.net\/","version":"2.4.0-alpha1","version_normalized":"2.4.0.0-alpha1","license":["MIT"],"authors":[{"name":"Konstantin Kudryashov","email":"ever.zet@gmail.com","homepage":"http:\/\/everzet.com"},{"name":"Marcello Duarte","homepage":"http:\/\/marcelloduarte.net\/"}],"source":{"type":"git","url":"https:\/\/github.com\/phpspec\/phpspec.git","reference":"c224278bca4f39f2224028e6735b5414ebe262af"},"dist":{"type":"zip","url":"https:\/\/api.github.com\/repos\/phpspec\/phpspec\/zipball\/c224278bca4f39f2224028e6735b5414ebe262af","reference":"c224278bca4f39f2224028e6735b5414ebe262af","shasum":""},"type":"library","time":"2015-11-01T14:22:37+00:00","autoload":{"psr-0":{"PhpSpec":"src\/"}},"extra":{"branch-alias":{"dev-master":"2.2.x-dev"}},"bin":["bin\/phpspec"],"require":{"php":">=5.3.3","phpspec\/prophecy":"~1.4","phpspec\/php-diff":"~1.0.0","sebastian\/exporter":"~1.0","symfony\/console":"~2.3|~3.0","symfony\/event-dispatcher":"~2.1|~3.0","symfony\/process":"^2.6|~3.0","symfony\/finder":"~2.1|~3.0","symfony\/yaml":"~2.1|~3.0","doctrine\/instantiator":"^1.0.1","ext-tokenizer":"*"},"require-dev":{"behat\/behat":"^3.0.11","bossa\/phpspec2-expect":"~1.0","symfony\/filesystem":"~2.1|~3.0","phpunit\/phpunit":"~4.4"},"suggest":{"phpspec\/nyan-formatters":"~1.0 \u2013 Adds Nyan formatters"},"uid":569934},"2.4.0-alpha2":{"name":"phpspec\/phpspec","description":"Specification-oriented BDD framework for PHP 5.3+","keywords":["testing","BDD","TDD","spec","tests","SpecBDD","specification"],"homepage":"http:\/\/phpspec.net\/","version":"2.4.0-alpha2","version_normalized":"2.4.0.0-alpha2","license":["MIT"],"authors":[{"name":"Konstantin Kudryashov","email":"ever.zet@gmail.com","homepage":"http:\/\/everzet.com"},{"name":"Marcello Duarte","homepage":"http:\/\/marcelloduarte.net\/"}],"source":{"type":"git","url":"https:\/\/github.com\/phpspec\/phpspec.git","reference":"febe6074a6e6d3dc25930926a027da6cfe994724"},"dist":{"type":"zip","url":"https:\/\/api.github.com\/repos\/phpspec\/phpspec\/zipball\/febe6074a6e6d3dc25930926a027da6cfe994724","reference":"febe6074a6e6d3dc25930926a027da6cfe994724","shasum":""},"type":"library","time":"2015-11-03T06:54:42+00:00","autoload":{"psr-0":{"PhpSpec":"src\/"}},"extra":{"branch-alias":{"dev-master":"2.2.x-dev"}},"bin":["bin\/phpspec"],"require":{"php":">=5.3.3","phpspec\/prophecy":"~1.4","phpspec\/php-diff":"~1.0.0","sebastian\/exporter":"~1.0","symfony\/console":"~2.3|~3.0","symfony\/event-dispatcher":"~2.1|~3.0","symfony\/process":"^2.6|~3.0","symfony\/finder":"~2.1|~3.0","symfony\/yaml":"~2.1|~3.0","doctrine\/instantiator":"^1.0.1","ext-tokenizer":"*"},"require-dev":{"behat\/behat":"^3.0.11","bossa\/phpspec2-expect":"~1.0","symfony\/filesystem":"~2.1|~3.0","phpunit\/phpunit":"~4.4"},"suggest":{"phpspec\/nyan-formatters":"~1.0 \u2013 Adds Nyan formatters"},"uid":571716},"2.4.0-beta":{"name":"phpspec\/phpspec","description":"Specification-oriented BDD framework for PHP 5.3+","keywords":["testing","BDD","TDD","spec","tests","SpecBDD","specification"],"homepage":"http:\/\/phpspec.net\/","version":"2.4.0-beta","version_normalized":"2.4.0.0-beta","license":["MIT"],"authors":[{"name":"Konstantin Kudryashov","email":"ever.zet@gmail.com","homepage":"http:\/\/everzet.com"},{"name":"Marcello Duarte","homepage":"http:\/\/marcelloduarte.net\/"}],"source":{"type":"git","url":"https:\/\/github.com\/phpspec\/phpspec.git","reference":"e82d151ae84b014cedb62cbf37ba3e7599ef21c7"},"dist":{"type":"zip","url":"https:\/\/api.github.com\/repos\/phpspec\/phpspec\/zipball\/e82d151ae84b014cedb62cbf37ba3e7599ef21c7","reference":"e82d151ae84b014cedb62cbf37ba3e7599ef21c7","shasum":""},"type":"library","time":"2015-11-13T20:41:42+00:00","autoload":{"psr-0":{"PhpSpec":"src\/"}},"extra":{"branch-alias":{"dev-master":"2.2.x-dev"}},"bin":["bin\/phpspec"],"require":{"php":">=5.3.3","phpspec\/prophecy":"~1.4","phpspec\/php-diff":"~1.0.0","sebastian\/exporter":"~1.0","symfony\/console":"~2.3|~3.0","symfony\/event-dispatcher":"~2.1|~3.0","symfony\/process":"^2.6|~3.0","symfony\/finder":"~2.1|~3.0","symfony\/yaml":"~2.1|~3.0","doctrine\/instantiator":"^1.0.1","ext-tokenizer":"*"},"require-dev":{"behat\/behat":"^3.0.11","bossa\/phpspec2-expect":"~1.0","phpunit\/phpunit":"~4.4","symfony\/filesystem":"~2.1|~3.0"},"suggest":{"phpspec\/nyan-formatters":"~1.0 \u2013 Adds Nyan formatters"},"uid":584732},"2.4.0-rc1":{"name":"phpspec\/phpspec","description":"Specification-oriented BDD framework for PHP 5.3+","keywords":["testing","BDD","TDD","spec","tests","SpecBDD","specification"],"homepage":"http:\/\/phpspec.net\/","version":"2.4.0-rc1","version_normalized":"2.4.0.0-RC1","license":["MIT"],"authors":[{"name":"Konstantin Kudryashov","email":"ever.zet@gmail.com","homepage":"http:\/\/everzet.com"},{"name":"Marcello Duarte","homepage":"http:\/\/marcelloduarte.net\/"}],"source":{"type":"git","url":"https:\/\/github.com\/phpspec\/phpspec.git","reference":"dc26e3238abcdd5e31ae66b036a6bc52c639a347"},"dist":{"type":"zip","url":"https:\/\/api.github.com\/repos\/phpspec\/phpspec\/zipball\/dc26e3238abcdd5e31ae66b036a6bc52c639a347","reference":"dc26e3238abcdd5e31ae66b036a6bc52c639a347","shasum":""},"type":"library","time":"2015-11-20T21:41:56+00:00","autoload":{"psr-0":{"PhpSpec":"src\/"}},"extra":{"branch-alias":{"dev-master":"2.2.x-dev"}},"bin":["bin\/phpspec"],"require":{"php":">=5.3.3","phpspec\/prophecy":"~1.4","phpspec\/php-diff":"~1.0.0","sebastian\/exporter":"~1.0","symfony\/console":"~2.3|~3.0","symfony\/event-dispatcher":"~2.1|~3.0","symfony\/process":"^2.6|~3.0","symfony\/finder":"~2.1|~3.0","symfony\/yaml":"~2.1|~3.0","doctrine\/instantiator":"^1.0.1","ext-tokenizer":"*"},"require-dev":{"behat\/behat":"^3.0.11","bossa\/phpspec2-expect":"~1.0","symfony\/filesystem":"~2.1|~3.0","phpunit\/phpunit":"~4.4"},"suggest":{"phpspec\/nyan-formatters":"~1.0 \u2013 Adds Nyan formatters"},"uid":593011},"dev-master":{"name":"phpspec\/phpspec","description":"Specification-oriented BDD framework for PHP 5.3+","keywords":["testing","BDD","TDD","spec","tests","SpecBDD","specification"],"homepage":"http:\/\/phpspec.net\/","version":"dev-master","version_normalized":"9999999-dev","license":["MIT"],"authors":[{"name":"Konstantin Kudryashov","email":"ever.zet@gmail.com","homepage":"http:\/\/everzet.com"},{"name":"Marcello Duarte","homepage":"http:\/\/marcelloduarte.net\/"}],"source":{"type":"git","url":"https:\/\/github.com\/phpspec\/phpspec.git","reference":"dc26e3238abcdd5e31ae66b036a6bc52c639a347"},"dist":{"type":"zip","url":"https:\/\/api.github.com\/repos\/phpspec\/phpspec\/zipball\/dc26e3238abcdd5e31ae66b036a6bc52c639a347","reference":"dc26e3238abcdd5e31ae66b036a6bc52c639a347","shasum":""},"type":"library","time":"2015-11-20T21:41:56+00:00","autoload":{"psr-0":{"PhpSpec":"src\/"}},"extra":{"branch-alias":{"dev-master":"2.2.x-dev"}},"bin":["bin\/phpspec"],"require":{"php":">=5.3.3","phpspec\/php-diff":"~1.0.0","sebastian\/exporter":"~1.0","doctrine\/instantiator":"^1.0.1","phpspec\/prophecy":"~1.4","ext-tokenizer":"*","symfony\/console":"~2.3|~3.0","symfony\/event-dispatcher":"~2.1|~3.0","symfony\/process":"^2.6|~3.0","symfony\/finder":"~2.1|~3.0","symfony\/yaml":"~2.1|~3.0"},"require-dev":{"bossa\/phpspec2-expect":"~1.0","behat\/behat":"^3.0.11","phpunit\/phpunit":"~4.4","symfony\/filesystem":"~2.1|~3.0"},"suggest":{"phpspec\/nyan-formatters":"~1.0 \u2013 Adds Nyan formatters"},"uid":16202},"dev-symfony-3-support":{"name":"phpspec\/phpspec","description":"Specification-oriented BDD framework for PHP 5.3+","keywords":["testing","BDD","TDD","spec","tests","SpecBDD","specification"],"homepage":"http:\/\/phpspec.net\/","version":"dev-symfony-3-support","version_normalized":"dev-symfony-3-support","license":["MIT"],"authors":[{"name":"Konstantin Kudryashov","email":"ever.zet@gmail.com","homepage":"http:\/\/everzet.com"},{"name":"Marcello Duarte","homepage":"http:\/\/marcelloduarte.net\/"}],"source":{"type":"git","url":"https:\/\/github.com\/phpspec\/phpspec.git","reference":"0a0dd93214984c21406c905ead5495a9079d85bb"},"dist":{"type":"zip","url":"https:\/\/api.github.com\/repos\/phpspec\/phpspec\/zipball\/0a0dd93214984c21406c905ead5495a9079d85bb","reference":"0a0dd93214984c21406c905ead5495a9079d85bb","shasum":""},"type":"library","time":"2015-10-10T15:03:55+00:00","autoload":{"psr-0":{"PhpSpec":"src\/"}},"extra":{"branch-alias":{"dev-master":"2.2.x-dev"}},"bin":["bin\/phpspec"],"require":{"php":">=5.3.3","phpspec\/prophecy":"~1.4","phpspec\/php-diff":"~1.0.0","sebastian\/exporter":"~1.0","doctrine\/instantiator":"^1.0.1","symfony\/console":"~2.3|~3.0","symfony\/event-dispatcher":"~2.1|~3.0","symfony\/process":"^2.6|~3.0","symfony\/finder":"~2.1|~3.0","symfony\/yaml":"~2.1|~3.0","ext-tokenizer":"*"},"require-dev":{"behat\/behat":"^3.0.11","bossa\/phpspec2-expect":"~1.0","phpunit\/phpunit":"~4.4","symfony\/filesystem":"~2.1|~3.0"},"suggest":{"phpspec\/nyan-formatters":"~1.0 \u2013 Adds Nyan formatters"},"uid":540203}}}}