{"packages":{"league\/flysystem-sftp":{"1.0.0":{"name":"league\/flysystem-sftp","description":"Flysystem adapter for SFTP","keywords":[],"homepage":"","version":"1.0.0","version_normalized":"1.0.0.0","license":["MIT"],"authors":[{"name":"Frank de Jonge","email":"info@frenky.net"}],"source":{"type":"git","url":"https:\/\/github.com\/thephpleague\/flysystem-sftp.git","reference":"f5f3f6388347b92de9b0cee9a0ec791986895bf8"},"dist":{"type":"zip","url":"https:\/\/api.github.com\/repos\/thephpleague\/flysystem-sftp\/zipball\/f5f3f6388347b92de9b0cee9a0ec791986895bf8","reference":"f5f3f6388347b92de9b0cee9a0ec791986895bf8","shasum":""},"type":"library","time":"2015-01-21T22:20:20+00:00","autoload":{"psr-4":{"League\\Flysystem\\Sftp\\":"src\/"}},"extra":{"branch-alias":{"dev-master":"1.0-dev"}},"require":{"php":">=5.4.0","league\/flysystem":"~1.0","phpseclib\/phpseclib":"~0.3.7"},"require-dev":{"phpunit\/phpunit":"~4.0","mockery\/mockery":"0.9.*"},"uid":311555},"1.0.1":{"name":"league\/flysystem-sftp","description":"Flysystem adapter for SFTP","keywords":[],"homepage":"","version":"1.0.1","version_normalized":"1.0.1.0","license":["MIT"],"authors":[{"name":"Frank de Jonge","email":"info@frenky.net"}],"source":{"type":"git","url":"https:\/\/github.com\/thephpleague\/flysystem-sftp.git","reference":"7094b5ddea6262f5e29596609dccae041ed108df"},"dist":{"type":"zip","url":"https:\/\/api.github.com\/repos\/thephpleague\/flysystem-sftp\/zipball\/7094b5ddea6262f5e29596609dccae041ed108df","reference":"7094b5ddea6262f5e29596609dccae041ed108df","shasum":""},"type":"library","time":"2015-02-01T16:15:51+00:00","autoload":{"psr-4":{"League\\Flysystem\\Sftp\\":"src\/"}},"extra":{"branch-alias":{"dev-master":"1.0-dev"}},"require":{"php":">=5.4.0","league\/flysystem":"~1.0","phpseclib\/phpseclib":"~0.3.8"},"require-dev":{"phpunit\/phpunit":"~4.0","mockery\/mockery":"0.9.*"},"uid":319862},"1.0.2":{"name":"league\/flysystem-sftp","description":"Flysystem adapter for SFTP","keywords":[],"homepage":"","version":"1.0.2","version_normalized":"1.0.2.0","license":["MIT"],"authors":[{"name":"Frank de Jonge","email":"info@frenky.net"}],"source":{"type":"git","url":"https:\/\/github.com\/thephpleague\/flysystem-sftp.git","reference":"df8f5453d7ecee5dff35572d84510387e8e8cf12"},"dist":{"type":"zip","url":"https:\/\/api.github.com\/repos\/thephpleague\/flysystem-sftp\/zipball\/df8f5453d7ecee5dff35572d84510387e8e8cf12","reference":"df8f5453d7ecee5dff35572d84510387e8e8cf12","shasum":""},"type":"library","time":"2015-02-23T20:04:22+00:00","autoload":{"psr-4":{"League\\Flysystem\\Sftp\\":"src\/"}},"extra":{"branch-alias":{"dev-master":"1.0-dev"}},"require":{"php":">=5.4.0","league\/flysystem":"~1.0","phpseclib\/phpseclib":"~0.3.8"},"require-dev":{"phpunit\/phpunit":"~4.0","mockery\/mockery":"0.9.*"},"uid":339153},"1.0.3":{"name":"league\/flysystem-sftp","description":"Flysystem adapter for SFTP","keywords":[],"homepage":"","version":"1.0.3","version_normalized":"1.0.3.0","license":["MIT"],"authors":[{"name":"Frank de Jonge","email":"info@frenky.net"}],"source":{"type":"git","url":"https:\/\/github.com\/thephpleague\/flysystem-sftp.git","reference":"ddd4c2cfe9be7482667a596f916479622ed2ae2e"},"dist":{"type":"zip","url":"https:\/\/api.github.com\/repos\/thephpleague\/flysystem-sftp\/zipball\/ddd4c2cfe9be7482667a596f916479622ed2ae2e","reference":"ddd4c2cfe9be7482667a596f916479622ed2ae2e","shasum":""},"type":"library","time":"2015-03-10T15:16:27+00:00","autoload":{"psr-4":{"League\\Flysystem\\Sftp\\":"src\/"}},"extra":{"branch-alias":{"dev-master":"1.0-dev"}},"require":{"league\/flysystem":"~1.0","php":">=5.4.0","phpseclib\/phpseclib":"~0.3.8"},"require-dev":{"phpunit\/phpunit":"~4.0","mockery\/mockery":"0.9.*"},"uid":352906},"1.0.4":{"name":"league\/flysystem-sftp","description":"Flysystem adapter for SFTP","keywords":[],"homepage":"","version":"1.0.4","version_normalized":"1.0.4.0","license":["MIT"],"authors":[{"name":"Frank de Jonge","email":"info@frenky.net"}],"source":{"type":"git","url":"https:\/\/github.com\/thephpleague\/flysystem-sftp.git","reference":"c0646ab870843f60bb0af51c9c8055f042e647ee"},"dist":{"type":"zip","url":"https:\/\/api.github.com\/repos\/thephpleague\/flysystem-sftp\/zipball\/c0646ab870843f60bb0af51c9c8055f042e647ee","reference":"c0646ab870843f60bb0af51c9c8055f042e647ee","shasum":""},"type":"library","time":"2015-04-16T11:42:20+00:00","autoload":{"psr-4":{"League\\Flysystem\\Sftp\\":"src\/"}},"extra":{"branch-alias":{"dev-master":"1.0-dev"}},"require":{"php":">=5.4.0","league\/flysystem":"~1.0","phpseclib\/phpseclib":"~0.3.8"},"require-dev":{"phpunit\/phpunit":"~4.0","mockery\/mockery":"0.9.*"},"uid":383254},"1.0.5":{"name":"league\/flysystem-sftp","description":"Flysystem adapter for SFTP","keywords":[],"homepage":"","version":"1.0.5","version_normalized":"1.0.5.0","license":["MIT"],"authors":[{"name":"Frank de Jonge","email":"info@frenky.net"}],"source":{"type":"git","url":"https:\/\/github.com\/thephpleague\/flysystem-sftp.git","reference":"ef396e3d65bd7a2ae4ff5a8e364690b664154361"},"dist":{"type":"zip","url":"https:\/\/api.github.com\/repos\/thephpleague\/flysystem-sftp\/zipball\/ef396e3d65bd7a2ae4ff5a8e364690b664154361","reference":"ef396e3d65bd7a2ae4ff5a8e364690b664154361","shasum":""},"type":"library","time":"2015-05-26T13:41:36+00:00","autoload":{"psr-4":{"League\\Flysystem\\Sftp\\":"src\/"}},"extra":{"branch-alias":{"dev-master":"1.0-dev"}},"require":{"php":">=5.4.0","league\/flysystem":"~1.0","phpseclib\/phpseclib":"~0.3.8"},"require-dev":{"phpunit\/phpunit":"~4.0","mockery\/mockery":"0.9.*"},"uid":416328},"1.0.6":{"name":"league\/flysystem-sftp","description":"Flysystem adapter for SFTP","keywords":[],"homepage":"","version":"1.0.6","version_normalized":"1.0.6.0","license":["MIT"],"authors":[{"name":"Frank de Jonge","email":"info@frenky.net"}],"source":{"type":"git","url":"https:\/\/github.com\/thephpleague\/flysystem-sftp.git","reference":"4ff3252abbb3091a9e66a48c7842218d23ccec8f"},"dist":{"type":"zip","url":"https:\/\/api.github.com\/repos\/thephpleague\/flysystem-sftp\/zipball\/4ff3252abbb3091a9e66a48c7842218d23ccec8f","reference":"4ff3252abbb3091a9e66a48c7842218d23ccec8f","shasum":""},"type":"library","time":"2015-09-20T13:14:14+00:00","autoload":{"psr-4":{"League\\Flysystem\\Sftp\\":"src\/"}},"extra":{"branch-alias":{"dev-master":"1.0-dev"}},"require":{"php":">=5.4.0","league\/flysystem":"~1.0","phpseclib\/phpseclib":"~0.3.8"},"require-dev":{"phpunit\/phpunit":"~4.0","mockery\/mockery":"0.9.*"},"uid":527083},"1.0.7":{"name":"league\/flysystem-sftp","description":"Flysystem adapter for SFTP","keywords":[],"homepage":"","version":"1.0.7","version_normalized":"1.0.7.0","license":["MIT"],"authors":[{"name":"Frank de Jonge","email":"info@frenky.net"}],"source":{"type":"git","url":"https:\/\/github.com\/thephpleague\/flysystem-sftp.git","reference":"5e3f97aa68f4195ebc26ad22687cc9325e5a4978"},"dist":{"type":"zip","url":"https:\/\/api.github.com\/repos\/thephpleague\/flysystem-sftp\/zipball\/5e3f97aa68f4195ebc26ad22687cc9325e5a4978","reference":"5e3f97aa68f4195ebc26ad22687cc9325e5a4978","shasum":""},"type":"library","time":"2015-10-25T21:59:40+00:00","autoload":{"psr-4":{"League\\Flysystem\\Sftp\\":"src\/"}},"extra":{"branch-alias":{"dev-master":"1.0-dev"}},"require":{"php":">=5.4.0","league\/flysystem":"~1.0","phpseclib\/phpseclib":"~2.0"},"require-dev":{"phpunit\/phpunit":"~4.0","mockery\/mockery":"0.9.*"},"uid":562375},"dev-master":{"name":"league\/flysystem-sftp","description":"Flysystem adapter for SFTP","keywords":[],"homepage":"","version":"dev-master","version_normalized":"9999999-dev","license":["MIT"],"authors":[{"name":"Frank de Jonge","email":"info@frenky.net"}],"source":{"type":"git","url":"https:\/\/github.com\/thephpleague\/flysystem-sftp.git","reference":"5e3f97aa68f4195ebc26ad22687cc9325e5a4978"},"dist":{"type":"zip","url":"https:\/\/api.github.com\/repos\/thephpleague\/flysystem-sftp\/zipball\/5e3f97aa68f4195ebc26ad22687cc9325e5a4978","reference":"5e3f97aa68f4195ebc26ad22687cc9325e5a4978","shasum":""},"type":"library","time":"2015-10-25T21:59:40+00:00","autoload":{"psr-4":{"League\\Flysystem\\Sftp\\":"src\/"}},"extra":{"branch-alias":{"dev-master":"1.0-dev"}},"require":{"php":">=5.4.0","league\/flysystem":"~1.0","phpseclib\/phpseclib":"~2.0"},"require-dev":{"phpunit\/phpunit":"~4.0","mockery\/mockery":"0.9.*"},"uid":308233}}}}