{"packages":{"laravel\/laravel":{"5.0.x-dev":{"name":"laravel\/laravel","description":"The Laravel Framework.","keywords":["framework","laravel"],"homepage":"","version":"5.0.x-dev","version_normalized":"5.0.9999999.9999999-dev","license":["MIT"],"authors":[],"source":{"type":"git","url":"https:\/\/github.com\/laravel\/laravel.git","reference":"6df868a123a8445de1aceba1349c550b1247aff0"},"dist":{"type":"zip","url":"https:\/\/api.github.com\/repos\/laravel\/laravel\/zipball\/6df868a123a8445de1aceba1349c550b1247aff0","reference":"6df868a123a8445de1aceba1349c550b1247aff0","shasum":""},"type":"project","time":"2015-06-08T03:28:19+00:00","autoload":{"classmap":["database"],"psr-4":{"App\\":"app\/"}},"require":{"laravel\/framework":"5.0.*"},"require-dev":{"phpunit\/phpunit":"~4.0","phpspec\/phpspec":"~2.1"},"uid":428536},"dev-develop":{"name":"laravel\/laravel","description":"The Laravel Framework.","keywords":["framework","laravel"],"homepage":"","version":"dev-develop","version_normalized":"dev-develop","license":["MIT"],"authors":[],"source":{"type":"git","url":"https:\/\/github.com\/laravel\/laravel.git","reference":"8611ded0cca010cefbd76abb322aefbb22ce9735"},"dist":{"type":"zip","url":"https:\/\/api.github.com\/repos\/laravel\/laravel\/zipball\/8611ded0cca010cefbd76abb322aefbb22ce9735","reference":"8611ded0cca010cefbd76abb322aefbb22ce9735","shasum":""},"type":"project","time":"2015-11-14T18:24:35+00:00","autoload":{"classmap":["database"],"psr-4":{"App\\":"app\/"}},"require":{"php":">=5.5.9","laravel\/framework":"5.2.*"},"require-dev":{"phpunit\/phpunit":"~4.0","mockery\/mockery":"0.9.*","fzaninotto\/faker":"~1.4","symfony\/css-selector":"2.8.*|3.0.*","symfony\/dom-crawler":"2.8.*|3.0.*"},"uid":58577},"dev-master":{"name":"laravel\/laravel","description":"The Laravel Framework.","keywords":["framework","laravel"],"homepage":"","version":"dev-master","version_normalized":"9999999-dev","license":["MIT"],"authors":[],"source":{"type":"git","url":"https:\/\/github.com\/laravel\/laravel.git","reference":"1fac29099e67bf4e7d748cc398962041e6ad36c3"},"dist":{"type":"zip","url":"https:\/\/api.github.com\/repos\/laravel\/laravel\/zipball\/1fac29099e67bf4e7d748cc398962041e6ad36c3","reference":"1fac29099e67bf4e7d748cc398962041e6ad36c3","shasum":""},"type":"project","time":"2015-11-23T04:06:41+00:00","autoload":{"classmap":["database"],"psr-4":{"App\\":"app\/"}},"require":{"php":">=5.5.9","laravel\/framework":"5.1.*"},"require-dev":{"phpunit\/phpunit":"~4.0","phpspec\/phpspec":"~2.1","fzaninotto\/faker":"~1.4","mockery\/mockery":"0.9.*"},"uid":58581},"v4.0.0":{"name":"laravel\/laravel","description":"","keywords":[],"homepage":"","version":"v4.0.0","version_normalized":"4.0.0.0","license":[],"authors":[],"source":{"type":"git","url":"https:\/\/github.com\/laravel\/laravel.git","reference":"b87a78fb176b5750ee210b2dcc3f6e4b55f26819"},"dist":{"type":"zip","url":"https:\/\/api.github.com\/repos\/laravel\/laravel\/zipball\/b87a78fb176b5750ee210b2dcc3f6e4b55f26819","reference":"b87a78fb176b5750ee210b2dcc3f6e4b55f26819","shasum":""},"type":"library","time":"2013-05-28T16:28:05+00:00","autoload":{"classmap":["app\/commands","app\/controllers","app\/models","app\/database\/migrations","app\/database\/seeds","app\/tests\/TestCase.php"]},"require":{"laravel\/framework":"4.0.*"},"uid":58580},"v4.0.0-BETA3":{"name":"laravel\/laravel","description":"","keywords":[],"homepage":"","version":"v4.0.0-BETA3","version_normalized":"4.0.0.0-beta3","license":[],"authors":[],"source":{"type":"git","url":"https:\/\/github.com\/laravel\/laravel.git","reference":"3ad5edcc109e09143cf15bb49cc7beec35b072a0"},"dist":{"type":"zip","url":"https:\/\/api.github.com\/repos\/laravel\/laravel\/zipball\/3ad5edcc109e09143cf15bb49cc7beec35b072a0","reference":"3ad5edcc109e09143cf15bb49cc7beec35b072a0","shasum":""},"type":"library","time":"2013-02-08T20:49:12+00:00","autoload":{"classmap":["app\/commands","app\/controllers","app\/models","app\/database\/migrations","app\/database\/seeds","app\/tests\/TestCase.php"]},"require":{"laravel\/framework":"4.0.*"},"uid":58578},"v4.0.0-BETA4":{"name":"laravel\/laravel","description":"","keywords":[],"homepage":"","version":"v4.0.0-BETA4","version_normalized":"4.0.0.0-beta4","license":[],"authors":[],"source":{"type":"git","url":"https:\/\/github.com\/laravel\/laravel.git","reference":"1a6230b82aa5a17341715e82ab99723d9351791d"},"dist":{"type":"zip","url":"https:\/\/api.github.com\/repos\/laravel\/laravel\/zipball\/1a6230b82aa5a17341715e82ab99723d9351791d","reference":"1a6230b82aa5a17341715e82ab99723d9351791d","shasum":""},"type":"library","time":"2013-03-29T12:54:06+00:00","autoload":{"classmap":["app\/commands","app\/controllers","app\/models","app\/database\/migrations","app\/database\/seeds","app\/tests\/TestCase.php"]},"require":{"laravel\/framework":"4.0.*"},"uid":58579},"v4.0.4":{"name":"laravel\/laravel","description":"The Laravel Framework.","keywords":["framework","laravel"],"homepage":"","version":"v4.0.4","version_normalized":"4.0.4.0","license":[],"authors":[],"source":{"type":"git","url":"https:\/\/github.com\/laravel\/laravel.git","reference":"e526c088005409a360bd844d0382a26b04c2f2cf"},"dist":{"type":"zip","url":"https:\/\/api.github.com\/repos\/laravel\/laravel\/zipball\/e526c088005409a360bd844d0382a26b04c2f2cf","reference":"e526c088005409a360bd844d0382a26b04c2f2cf","shasum":""},"type":"library","time":"2013-06-08T18:14:14+00:00","autoload":{"classmap":["app\/commands","app\/controllers","app\/models","app\/database\/migrations","app\/database\/seeds","app\/tests\/TestCase.php"]},"require":{"laravel\/framework":"4.0.*"},"uid":60774},"v4.0.5":{"name":"laravel\/laravel","description":"The Laravel Framework.","keywords":["framework","laravel"],"homepage":"","version":"v4.0.5","version_normalized":"4.0.5.0","license":[],"authors":[],"source":{"type":"git","url":"https:\/\/github.com\/laravel\/laravel.git","reference":"19841d865d59c6238b81f01a7c9d40296299ee12"},"dist":{"type":"zip","url":"https:\/\/api.github.com\/repos\/laravel\/laravel\/zipball\/19841d865d59c6238b81f01a7c9d40296299ee12","reference":"19841d865d59c6238b81f01a7c9d40296299ee12","shasum":""},"type":"library","time":"2013-06-10T12:57:53+00:00","autoload":{"classmap":["app\/commands","app\/controllers","app\/models","app\/database\/migrations","app\/database\/seeds","app\/tests\/TestCase.php"]},"require":{"laravel\/framework":"4.0.*"},"uid":61915},"v4.0.6":{"name":"laravel\/laravel","description":"The Laravel Framework.","keywords":["framework","laravel"],"homepage":"","version":"v4.0.6","version_normalized":"4.0.6.0","license":[],"authors":[],"source":{"type":"git","url":"https:\/\/github.com\/laravel\/laravel.git","reference":"6a2ad475cfb21d12936cbbb544d8a136fc73be97"},"dist":{"type":"zip","url":"https:\/\/api.github.com\/repos\/laravel\/laravel\/zipball\/6a2ad475cfb21d12936cbbb544d8a136fc73be97","reference":"6a2ad475cfb21d12936cbbb544d8a136fc73be97","shasum":""},"type":"library","time":"2013-07-30T14:05:55+00:00","autoload":{"classmap":["app\/commands","app\/controllers","app\/models","app\/database\/migrations","app\/database\/seeds","app\/tests\/TestCase.php"]},"require":{"laravel\/framework":"4.0.*"},"uid":73706},"v4.0.7":{"name":"laravel\/laravel","description":"The Laravel Framework.","keywords":["framework","laravel"],"homepage":"","version":"v4.0.7","version_normalized":"4.0.7.0","license":["MIT"],"authors":[],"source":{"type":"git","url":"https:\/\/github.com\/laravel\/laravel.git","reference":"fbd93f6997a64abb1457aa7328a39ff3df8c5a18"},"dist":{"type":"zip","url":"https:\/\/api.github.com\/repos\/laravel\/laravel\/zipball\/fbd93f6997a64abb1457aa7328a39ff3df8c5a18","reference":"fbd93f6997a64abb1457aa7328a39ff3df8c5a18","shasum":""},"type":"library","time":"2013-09-07T04:42:43+00:00","autoload":{"classmap":["app\/commands","app\/controllers","app\/models","app\/database\/migrations","app\/database\/seeds","app\/tests\/TestCase.php"]},"require":{"laravel\/framework":"4.0.*"},"uid":84087},"v4.0.8":{"name":"laravel\/laravel","description":"The Laravel Framework.","keywords":["framework","laravel"],"homepage":"","version":"v4.0.8","version_normalized":"4.0.8.0","license":["MIT"],"authors":[],"source":{"type":"git","url":"https:\/\/github.com\/laravel\/laravel.git","reference":"fbd93f6997a64abb1457aa7328a39ff3df8c5a18"},"dist":{"type":"zip","url":"https:\/\/api.github.com\/repos\/laravel\/laravel\/zipball\/fbd93f6997a64abb1457aa7328a39ff3df8c5a18","reference":"fbd93f6997a64abb1457aa7328a39ff3df8c5a18","shasum":""},"type":"library","time":"2013-09-07T04:42:43+00:00","autoload":{"classmap":["app\/commands","app\/controllers","app\/models","app\/database\/migrations","app\/database\/seeds","app\/tests\/TestCase.php"]},"require":{"laravel\/framework":"4.0.*"},"uid":90067},"v4.0.9":{"name":"laravel\/laravel","description":"The Laravel Framework.","keywords":["framework","laravel"],"homepage":"","version":"v4.0.9","version_normalized":"4.0.9.0","license":["MIT"],"authors":[],"source":{"type":"git","url":"https:\/\/github.com\/laravel\/laravel.git","reference":"17455130350c2577fb95f610d897495c05ead3ed"},"dist":{"type":"zip","url":"https:\/\/api.github.com\/repos\/laravel\/laravel\/zipball\/17455130350c2577fb95f610d897495c05ead3ed","reference":"17455130350c2577fb95f610d897495c05ead3ed","shasum":""},"type":"library","time":"2013-10-14T01:57:04+00:00","autoload":{"classmap":["app\/commands","app\/controllers","app\/models","app\/database\/migrations","app\/database\/seeds","app\/tests\/TestCase.php"]},"require":{"laravel\/framework":"4.0.*"},"uid":93685},"v4.1.0":{"name":"laravel\/laravel","description":"The Laravel Framework.","keywords":["framework","laravel"],"homepage":"","version":"v4.1.0","version_normalized":"4.1.0.0","license":["MIT"],"authors":[],"source":{"type":"git","url":"https:\/\/github.com\/laravel\/laravel.git","reference":"3053d486e64238b3698c14179f9881a55f9ac08b"},"dist":{"type":"zip","url":"https:\/\/api.github.com\/repos\/laravel\/laravel\/zipball\/3053d486e64238b3698c14179f9881a55f9ac08b","reference":"3053d486e64238b3698c14179f9881a55f9ac08b","shasum":""},"type":"library","time":"2013-12-11T14:17:46+00:00","autoload":{"classmap":["app\/commands","app\/controllers","app\/models","app\/database\/migrations","app\/database\/seeds","app\/tests\/TestCase.php"]},"require":{"laravel\/framework":"4.1.*"},"uid":109771},"v4.1.18":{"name":"laravel\/laravel","description":"The Laravel Framework.","keywords":["framework","laravel"],"homepage":"","version":"v4.1.18","version_normalized":"4.1.18.0","license":["MIT"],"authors":[],"source":{"type":"git","url":"https:\/\/github.com\/laravel\/laravel.git","reference":"73094f2633f1b90f3ef6de4a8a5b610532510e0e"},"dist":{"type":"zip","url":"https:\/\/api.github.com\/repos\/laravel\/laravel\/zipball\/73094f2633f1b90f3ef6de4a8a5b610532510e0e","reference":"73094f2633f1b90f3ef6de4a8a5b610532510e0e","shasum":""},"type":"library","time":"2014-01-19T01:14:57+00:00","autoload":{"classmap":["app\/commands","app\/controllers","app\/models","app\/database\/migrations","app\/database\/seeds","app\/tests\/TestCase.php"]},"require":{"laravel\/framework":"4.1.*"},"uid":122300},"v4.1.27":{"name":"laravel\/laravel","description":"The Laravel Framework.","keywords":["framework","laravel"],"homepage":"","version":"v4.1.27","version_normalized":"4.1.27.0","license":["MIT"],"authors":[],"source":{"type":"git","url":"https:\/\/github.com\/laravel\/laravel.git","reference":"f138f0f4fce63fdb371064a66a4c92226a8b1ace"},"dist":{"type":"zip","url":"https:\/\/api.github.com\/repos\/laravel\/laravel\/zipball\/f138f0f4fce63fdb371064a66a4c92226a8b1ace","reference":"f138f0f4fce63fdb371064a66a4c92226a8b1ace","shasum":""},"type":"library","time":"2014-04-15T16:06:27+00:00","autoload":{"classmap":["app\/commands","app\/controllers","app\/models","app\/database\/migrations","app\/database\/seeds","app\/tests\/TestCase.php"]},"require":{"laravel\/framework":"4.1.*"},"uid":159995},"v4.2.0":{"name":"laravel\/laravel","description":"The Laravel Framework.","keywords":["framework","laravel"],"homepage":"","version":"v4.2.0","version_normalized":"4.2.0.0","license":["MIT"],"authors":[],"source":{"type":"git","url":"https:\/\/github.com\/laravel\/laravel.git","reference":"1713d69ca8ea2ea520f648d7f4a86d0f0a53f84f"},"dist":{"type":"zip","url":"https:\/\/api.github.com\/repos\/laravel\/laravel\/zipball\/1713d69ca8ea2ea520f648d7f4a86d0f0a53f84f","reference":"1713d69ca8ea2ea520f648d7f4a86d0f0a53f84f","shasum":""},"type":"library","time":"2014-06-01T18:16:30+00:00","autoload":{"classmap":["app\/commands","app\/controllers","app\/models","app\/database\/migrations","app\/database\/seeds","app\/tests\/TestCase.php"]},"require":{"laravel\/framework":"4.2.*"},"uid":181689},"v4.2.11":{"name":"laravel\/laravel","description":"The Laravel Framework.","keywords":["framework","laravel"],"homepage":"","version":"v4.2.11","version_normalized":"4.2.11.0","license":["MIT"],"authors":[],"source":{"type":"git","url":"https:\/\/github.com\/laravel\/laravel.git","reference":"ba0cf2a1c9280e99d39aad5d4d686d554941eea1"},"dist":{"type":"zip","url":"https:\/\/api.github.com\/repos\/laravel\/laravel\/zipball\/ba0cf2a1c9280e99d39aad5d4d686d554941eea1","reference":"ba0cf2a1c9280e99d39aad5d4d686d554941eea1","shasum":""},"type":"project","time":"2014-11-09T22:29:56+00:00","autoload":{"classmap":["app\/commands","app\/controllers","app\/models","app\/database\/migrations","app\/database\/seeds","app\/tests\/TestCase.php"]},"require":{"laravel\/framework":"4.2.*"},"uid":266800},"v5.0.0":{"name":"laravel\/laravel","description":"The Laravel Framework.","keywords":["framework","laravel"],"homepage":"","version":"v5.0.0","version_normalized":"5.0.0.0","license":["MIT"],"authors":[],"source":{"type":"git","url":"https:\/\/github.com\/laravel\/laravel.git","reference":"da60de89734f0bb2e8135d9a3c5ecb94404959e4"},"dist":{"type":"zip","url":"https:\/\/api.github.com\/repos\/laravel\/laravel\/zipball\/da60de89734f0bb2e8135d9a3c5ecb94404959e4","reference":"da60de89734f0bb2e8135d9a3c5ecb94404959e4","shasum":""},"type":"project","time":"2015-02-04T14:17:25+00:00","autoload":{"classmap":["database"],"psr-4":{"App\\":"app\/"}},"require":{"laravel\/framework":"5.0.*"},"require-dev":{"phpunit\/phpunit":"~4.0","phpspec\/phpspec":"~2.1"},"uid":321767},"v5.0.1":{"name":"laravel\/laravel","description":"The Laravel Framework.","keywords":["framework","laravel"],"homepage":"","version":"v5.0.1","version_normalized":"5.0.1.0","license":["MIT"],"authors":[],"source":{"type":"git","url":"https:\/\/github.com\/laravel\/laravel.git","reference":"35acc5408c4b6ad73c95f3bb5780232a5be735d5"},"dist":{"type":"zip","url":"https:\/\/api.github.com\/repos\/laravel\/laravel\/zipball\/35acc5408c4b6ad73c95f3bb5780232a5be735d5","reference":"35acc5408c4b6ad73c95f3bb5780232a5be735d5","shasum":""},"type":"project","time":"2015-02-06T19:37:48+00:00","autoload":{"classmap":["database"],"psr-4":{"App\\":"app\/"}},"require":{"laravel\/framework":"5.0.*"},"require-dev":{"phpunit\/phpunit":"~4.0","phpspec\/phpspec":"~2.1"},"uid":324639},"v5.0.16":{"name":"laravel\/laravel","description":"The Laravel Framework.","keywords":["framework","laravel"],"homepage":"","version":"v5.0.16","version_normalized":"5.0.16.0","license":["MIT"],"authors":[],"source":{"type":"git","url":"https:\/\/github.com\/laravel\/laravel.git","reference":"c822db1f5bee1f8cb48d3ff2fd459a51159b00a5"},"dist":{"type":"zip","url":"https:\/\/api.github.com\/repos\/laravel\/laravel\/zipball\/c822db1f5bee1f8cb48d3ff2fd459a51159b00a5","reference":"c822db1f5bee1f8cb48d3ff2fd459a51159b00a5","shasum":""},"type":"project","time":"2015-03-14T03:02:50+00:00","autoload":{"classmap":["database"],"psr-4":{"App\\":"app\/"}},"require":{"laravel\/framework":"5.0.*"},"require-dev":{"phpunit\/phpunit":"~4.0","phpspec\/phpspec":"~2.1"},"uid":355929},"v5.0.22":{"name":"laravel\/laravel","description":"The Laravel Framework.","keywords":["framework","laravel"],"homepage":"","version":"v5.0.22","version_normalized":"5.0.22.0","license":["MIT"],"authors":[],"source":{"type":"git","url":"https:\/\/github.com\/laravel\/laravel.git","reference":"7bddbdc2a1f8d9c23205707e74455d74684e3031"},"dist":{"type":"zip","url":"https:\/\/api.github.com\/repos\/laravel\/laravel\/zipball\/7bddbdc2a1f8d9c23205707e74455d74684e3031","reference":"7bddbdc2a1f8d9c23205707e74455d74684e3031","shasum":""},"type":"project","time":"2015-03-24T21:06:56+00:00","autoload":{"classmap":["database"],"psr-4":{"App\\":"app\/"}},"require":{"laravel\/framework":"5.0.*"},"require-dev":{"phpunit\/phpunit":"~4.0","phpspec\/phpspec":"~2.1"},"uid":367838},"v5.1.0":{"name":"laravel\/laravel","description":"The Laravel Framework.","keywords":["framework","laravel"],"homepage":"","version":"v5.1.0","version_normalized":"5.1.0.0","license":["MIT"],"authors":[],"source":{"type":"git","url":"https:\/\/github.com\/laravel\/laravel.git","reference":"ff441abd622893752ffc1ba58ce64200606d07ff"},"dist":{"type":"zip","url":"https:\/\/api.github.com\/repos\/laravel\/laravel\/zipball\/ff441abd622893752ffc1ba58ce64200606d07ff","reference":"ff441abd622893752ffc1ba58ce64200606d07ff","shasum":""},"type":"project","time":"2015-06-09T12:48:02+00:00","autoload":{"classmap":["database"],"psr-4":{"App\\":"app\/"}},"require":{"php":">=5.5.9","laravel\/framework":"5.1.*"},"require-dev":{"fzaninotto\/faker":"~1.4","mockery\/mockery":"0.9.*","phpunit\/phpunit":"~4.0","phpspec\/phpspec":"~2.1"},"uid":428537},"v5.1.1":{"name":"laravel\/laravel","description":"The Laravel Framework.","keywords":["framework","laravel"],"homepage":"","version":"v5.1.1","version_normalized":"5.1.1.0","license":["MIT"],"authors":[],"source":{"type":"git","url":"https:\/\/github.com\/laravel\/laravel.git","reference":"136d7fa8ef74d0bbe3dd29c0e19c58585e84606e"},"dist":{"type":"zip","url":"https:\/\/api.github.com\/repos\/laravel\/laravel\/zipball\/136d7fa8ef74d0bbe3dd29c0e19c58585e84606e","reference":"136d7fa8ef74d0bbe3dd29c0e19c58585e84606e","shasum":""},"type":"project","time":"2015-06-11T18:28:25+00:00","autoload":{"classmap":["database"],"psr-4":{"App\\":"app\/"}},"require":{"php":">=5.5.9","laravel\/framework":"5.1.*"},"require-dev":{"fzaninotto\/faker":"~1.4","mockery\/mockery":"0.9.*","phpunit\/phpunit":"~4.0","phpspec\/phpspec":"~2.1"},"uid":432911},"v5.1.11":{"name":"laravel\/laravel","description":"The Laravel Framework.","keywords":["framework","laravel"],"homepage":"","version":"v5.1.11","version_normalized":"5.1.11.0","license":["MIT"],"authors":[],"source":{"type":"git","url":"https:\/\/github.com\/laravel\/laravel.git","reference":"716e65268ae088e5bd73e505acf9695c127aff66"},"dist":{"type":"zip","url":"https:\/\/api.github.com\/repos\/laravel\/laravel\/zipball\/716e65268ae088e5bd73e505acf9695c127aff66","reference":"716e65268ae088e5bd73e505acf9695c127aff66","shasum":""},"type":"project","time":"2015-08-30T11:31:33+00:00","autoload":{"classmap":["database"],"psr-4":{"App\\":"app\/"}},"require":{"php":">=5.5.9","laravel\/framework":"5.1.*"},"require-dev":{"fzaninotto\/faker":"~1.4","mockery\/mockery":"0.9.*","phpunit\/phpunit":"~4.0","phpspec\/phpspec":"~2.1"},"uid":506498},"v5.1.3":{"name":"laravel\/laravel","description":"The Laravel Framework.","keywords":["framework","laravel"],"homepage":"","version":"v5.1.3","version_normalized":"5.1.3.0","license":["MIT"],"authors":[],"source":{"type":"git","url":"https:\/\/github.com\/laravel\/laravel.git","reference":"2dd8ed131adcb72237e570b8ec0df2231c3add48"},"dist":{"type":"zip","url":"https:\/\/api.github.com\/repos\/laravel\/laravel\/zipball\/2dd8ed131adcb72237e570b8ec0df2231c3add48","reference":"2dd8ed131adcb72237e570b8ec0df2231c3add48","shasum":""},"type":"project","time":"2015-06-23T19:08:14+00:00","autoload":{"classmap":["database"],"psr-4":{"App\\":"app\/"}},"require":{"php":">=5.5.9","laravel\/framework":"5.1.*"},"require-dev":{"fzaninotto\/faker":"~1.4","mockery\/mockery":"0.9.*","phpunit\/phpunit":"~4.0","phpspec\/phpspec":"~2.1"},"uid":443250},"v5.1.4":{"name":"laravel\/laravel","description":"The Laravel Framework.","keywords":["framework","laravel"],"homepage":"","version":"v5.1.4","version_normalized":"5.1.4.0","license":["MIT"],"authors":[],"source":{"type":"git","url":"https:\/\/github.com\/laravel\/laravel.git","reference":"901a45fd96a7479e77f63ea5f8d1147a2766cafa"},"dist":{"type":"zip","url":"https:\/\/api.github.com\/repos\/laravel\/laravel\/zipball\/901a45fd96a7479e77f63ea5f8d1147a2766cafa","reference":"901a45fd96a7479e77f63ea5f8d1147a2766cafa","shasum":""},"type":"project","time":"2015-07-01T18:30:05+00:00","autoload":{"classmap":["database"],"psr-4":{"App\\":"app\/"}},"require":{"php":">=5.5.9","laravel\/framework":"5.1.*"},"require-dev":{"fzaninotto\/faker":"~1.4","mockery\/mockery":"0.9.*","phpunit\/phpunit":"~4.0","phpspec\/phpspec":"~2.1"},"uid":450046}}}}