{"packages":{"mtdowling\/cron-expression":{"dev-master":{"name":"mtdowling\/cron-expression","description":"CRON for PHP: Calculate the next or previous run date and determine if a CRON expression is due","keywords":["cron","schedule"],"homepage":"","version":"dev-master","version_normalized":"9999999-dev","license":["MIT"],"authors":[{"name":"Michael Dowling","email":"mtdowling@gmail.com","homepage":"https:\/\/github.com\/mtdowling"}],"source":{"type":"git","url":"https:\/\/github.com\/mtdowling\/cron-expression.git","reference":"5b446e1775e1f06a9a430408b252983e001e7222"},"dist":{"type":"zip","url":"https:\/\/api.github.com\/repos\/mtdowling\/cron-expression\/zipball\/5b446e1775e1f06a9a430408b252983e001e7222","reference":"5b446e1775e1f06a9a430408b252983e001e7222","shasum":""},"type":"library","time":"2015-10-29T05:52:39+00:00","autoload":{"psr-0":{"Cron":"src\/"}},"require":{"php":">=5.3.2"},"require-dev":{"phpunit\/phpunit":"4.*"},"uid":6025},"v1.0.0":{"name":"mtdowling\/cron-expression","description":"CRON for PHP: Calculate the next or previous run date and determine if a CRON expression is due","keywords":["cron","schedule"],"homepage":"","version":"v1.0.0","version_normalized":"1.0.0.0","license":["MIT"],"authors":[{"name":"Michael Dowling","email":"mtdowling@gmail.com","homepage":"https:\/\/github.com\/mtdowling"}],"source":{"type":"git","url":"https:\/\/github.com\/mtdowling\/cron-expression.git","reference":"5a027522ef35bdc6996144fb9123472a5746bc02"},"dist":{"type":"zip","url":"https:\/\/api.github.com\/repos\/mtdowling\/cron-expression\/zipball\/5a027522ef35bdc6996144fb9123472a5746bc02","reference":"5a027522ef35bdc6996144fb9123472a5746bc02","shasum":""},"type":"library","time":"2012-07-15T21:19:48+00:00","autoload":{"psr-0":{"Cron":"src\/"}},"require":{"php":">=5.3.2"},"uid":15243},"v1.0.1":{"name":"mtdowling\/cron-expression","description":"CRON for PHP: Calculate the next or previous run date and determine if a CRON expression is due","keywords":["cron","schedule"],"homepage":"","version":"v1.0.1","version_normalized":"1.0.1.0","license":["MIT"],"authors":[{"name":"Michael Dowling","email":"mtdowling@gmail.com","homepage":"https:\/\/github.com\/mtdowling"}],"source":{"type":"git","url":"https:\/\/github.com\/mtdowling\/cron-expression.git","reference":"a490be18aff4695446ee5091c4847540c64ca9ef"},"dist":{"type":"zip","url":"https:\/\/api.github.com\/repos\/mtdowling\/cron-expression\/zipball\/a490be18aff4695446ee5091c4847540c64ca9ef","reference":"a490be18aff4695446ee5091c4847540c64ca9ef","shasum":""},"type":"library","time":"2013-03-06T02:49:08+00:00","autoload":{"psr-0":{"Cron":"src\/"}},"require":{"php":">=5.3.2"},"uid":40997},"v1.0.2":{"name":"mtdowling\/cron-expression","description":"CRON for PHP: Calculate the next or previous run date and determine if a CRON expression is due","keywords":["cron","schedule"],"homepage":"","version":"v1.0.2","version_normalized":"1.0.2.0","license":["MIT"],"authors":[{"name":"Michael Dowling","email":"mtdowling@gmail.com","homepage":"https:\/\/github.com\/mtdowling"}],"source":{"type":"git","url":"https:\/\/github.com\/mtdowling\/cron-expression.git","reference":"5718f64bf7e30d1d3f52531cef8f4ec7d76abbdd"},"dist":{"type":"zip","url":"https:\/\/api.github.com\/repos\/mtdowling\/cron-expression\/zipball\/5718f64bf7e30d1d3f52531cef8f4ec7d76abbdd","reference":"5718f64bf7e30d1d3f52531cef8f4ec7d76abbdd","shasum":""},"type":"library","time":"2013-04-05T18:55:56+00:00","autoload":{"psr-0":{"Cron":"src\/"}},"require":{"php":">=5.3.2"},"uid":47206},"v1.0.3":{"name":"mtdowling\/cron-expression","description":"CRON for PHP: Calculate the next or previous run date and determine if a CRON expression is due","keywords":["cron","schedule"],"homepage":"","version":"v1.0.3","version_normalized":"1.0.3.0","license":["MIT"],"authors":[{"name":"Michael Dowling","email":"mtdowling@gmail.com","homepage":"https:\/\/github.com\/mtdowling"}],"source":{"type":"git","url":"https:\/\/github.com\/mtdowling\/cron-expression.git","reference":"a47ac8d5ec15049013792401af5a4d13e3dbe7f6"},"dist":{"type":"zip","url":"https:\/\/api.github.com\/repos\/mtdowling\/cron-expression\/zipball\/a47ac8d5ec15049013792401af5a4d13e3dbe7f6","reference":"a47ac8d5ec15049013792401af5a4d13e3dbe7f6","shasum":""},"type":"library","time":"2013-11-23T19:48:39+00:00","autoload":{"psr-0":{"Cron":"src\/"}},"require":{"php":">=5.3.2"},"uid":103762},"v1.0.4":{"name":"mtdowling\/cron-expression","description":"CRON for PHP: Calculate the next or previous run date and determine if a CRON expression is due","keywords":["cron","schedule"],"homepage":"","version":"v1.0.4","version_normalized":"1.0.4.0","license":["MIT"],"authors":[{"name":"Michael Dowling","email":"mtdowling@gmail.com","homepage":"https:\/\/github.com\/mtdowling"}],"source":{"type":"git","url":"https:\/\/github.com\/mtdowling\/cron-expression.git","reference":"fd92e883195e5dfa77720b1868cf084b08be4412"},"dist":{"type":"zip","url":"https:\/\/api.github.com\/repos\/mtdowling\/cron-expression\/zipball\/fd92e883195e5dfa77720b1868cf084b08be4412","reference":"fd92e883195e5dfa77720b1868cf084b08be4412","shasum":""},"type":"library","time":"2015-01-11T23:07:46+00:00","autoload":{"psr-0":{"Cron":"src\/"}},"require":{"php":">=5.3.2"},"require-dev":{"phpunit\/phpunit":"4.*"},"uid":303784}}}}