{"packages":{"fzaninotto\/faker":{"dev-faster_barcode":{"name":"fzaninotto\/faker","description":"Faker is a PHP library that generates fake data for you.","keywords":["faker","fixtures","data"],"homepage":"","version":"dev-faster_barcode","version_normalized":"dev-faster_barcode","license":["MIT"],"authors":[{"name":"Fran\u00e7ois Zaninotto"}],"source":{"type":"git","url":"https:\/\/github.com\/fzaninotto\/Faker.git","reference":"7ee62100bfc79baffdb899991f7e94ef24e203f5"},"dist":{"type":"zip","url":"https:\/\/api.github.com\/repos\/fzaninotto\/Faker\/zipball\/7ee62100bfc79baffdb899991f7e94ef24e203f5","reference":"7ee62100bfc79baffdb899991f7e94ef24e203f5","shasum":""},"type":"library","time":"2014-09-01T13:25:30+00:00","autoload":{"psr-0":{"Faker":"src\/","Faker\\PHPUnit":"test\/"}},"extra":{"branch-alias":{"dev-master":"1.5.x-dev"}},"require":{"php":">=5.3.3"},"require-dev":{"phpunit\/phpunit":"~4.0","squizlabs\/php_codesniffer":"~1.5"},"uid":227348},"dev-master":{"name":"fzaninotto\/faker","description":"Faker is a PHP library that generates fake data for you.","keywords":["faker","fixtures","data"],"homepage":"","version":"dev-master","version_normalized":"9999999-dev","license":["MIT"],"authors":[{"name":"Fran\u00e7ois Zaninotto"}],"source":{"type":"git","url":"https:\/\/github.com\/fzaninotto\/Faker.git","reference":"008e69f17a1286c29b8a60082119b7d6eee69082"},"dist":{"type":"zip","url":"https:\/\/api.github.com\/repos\/fzaninotto\/Faker\/zipball\/008e69f17a1286c29b8a60082119b7d6eee69082","reference":"008e69f17a1286c29b8a60082119b7d6eee69082","shasum":""},"type":"library","time":"2015-11-16T08:55:57+00:00","autoload":{"psr-4":{"Faker\\":"src\/Faker\/"}},"extra":{"branch-alias":{"dev-master":"1.6.x-dev"}},"require":{"php":">=5.3.3"},"require-dev":{"phpunit\/phpunit":"~4.0","squizlabs\/php_codesniffer":"~1.5","ext-intl":"*"},"uid":24499},"dev-picture_test":{"name":"fzaninotto\/faker","description":"Faker is a PHP library that generates fake data for you.","keywords":["faker","fixtures","data"],"homepage":"","version":"dev-picture_test","version_normalized":"dev-picture_test","license":["MIT"],"authors":[{"name":"Fran\u00e7ois Zaninotto"}],"source":{"type":"git","url":"https:\/\/github.com\/fzaninotto\/Faker.git","reference":"e02ac93c3ad6e4b0b25cb96a4483ea03f0521616"},"dist":{"type":"zip","url":"https:\/\/api.github.com\/repos\/fzaninotto\/Faker\/zipball\/e02ac93c3ad6e4b0b25cb96a4483ea03f0521616","reference":"e02ac93c3ad6e4b0b25cb96a4483ea03f0521616","shasum":""},"type":"library","time":"2015-05-20T10:25:38+00:00","autoload":{"psr-4":{"Faker\\":"src\/Faker\/"}},"extra":{"branch-alias":{"dev-master":"1.5.x-dev"}},"require":{"php":">=5.3.3"},"require-dev":{"phpunit\/phpunit":"~4.0","squizlabs\/php_codesniffer":"~1.5"},"suggest":{"ext-intl":"*"},"uid":411302},"dev-prepare_1_5":{"name":"fzaninotto\/faker","description":"Faker is a PHP library that generates fake data for you.","keywords":["faker","fixtures","data"],"homepage":"","version":"dev-prepare_1_5","version_normalized":"dev-prepare_1_5","license":["MIT"],"authors":[{"name":"Fran\u00e7ois Zaninotto"}],"source":{"type":"git","url":"https:\/\/github.com\/fzaninotto\/Faker.git","reference":"4f1ee1877427340442603da3abc5b403c69314a4"},"dist":{"type":"zip","url":"https:\/\/api.github.com\/repos\/fzaninotto\/Faker\/zipball\/4f1ee1877427340442603da3abc5b403c69314a4","reference":"4f1ee1877427340442603da3abc5b403c69314a4","shasum":""},"type":"library","time":"2015-05-21T07:20:56+00:00","autoload":{"psr-4":{"Faker\\":"src\/Faker\/"}},"extra":{"branch-alias":{"dev-master":"1.5.x-dev"}},"require":{"php":">=5.3.3"},"require-dev":{"phpunit\/phpunit":"~4.0","squizlabs\/php_codesniffer":"~1.5"},"suggest":{"ext-intl":"*"},"uid":412124},"v1.0.0":{"name":"fzaninotto\/faker","description":"Faker is a PHP library that generates fake data for you.","keywords":["faker","fixtures","data"],"homepage":"","version":"v1.0.0","version_normalized":"1.0.0.0","license":["MIT"],"authors":[{"name":"Fran\u00e7ois Zaninotto"}],"source":{"type":"git","url":"https:\/\/github.com\/fzaninotto\/Faker.git","reference":"f3d296e385dd4a46a5ddf507539a6c150c32983e"},"dist":{"type":"zip","url":"https:\/\/api.github.com\/repos\/fzaninotto\/Faker\/zipball\/f3d296e385dd4a46a5ddf507539a6c150c32983e","reference":"f3d296e385dd4a46a5ddf507539a6c150c32983e","shasum":""},"type":"library","time":"2012-07-10T14:43:46+00:00","autoload":{"psr-0":{"Faker":"src\/"}},"require":{"php":">=5.3.3"},"uid":14844},"v1.1.0":{"name":"fzaninotto\/faker","description":"Faker is a PHP library that generates fake data for you.","keywords":["faker","fixtures","data"],"homepage":"","version":"v1.1.0","version_normalized":"1.1.0.0","license":["MIT"],"authors":[{"name":"Fran\u00e7ois Zaninotto"}],"source":{"type":"git","url":"https:\/\/github.com\/fzaninotto\/Faker.git","reference":"3bf14b6cb8b98be3a3a3f9fed66ecb2517bf87ac"},"dist":{"type":"zip","url":"https:\/\/api.github.com\/repos\/fzaninotto\/Faker\/zipball\/3bf14b6cb8b98be3a3a3f9fed66ecb2517bf87ac","reference":"3bf14b6cb8b98be3a3a3f9fed66ecb2517bf87ac","shasum":""},"type":"library","time":"2012-10-29T09:32:06+00:00","autoload":{"psr-0":{"Faker":"src\/"}},"extra":{"branch-alias":{"dev-master":"1.1.x-dev"}},"require":{"php":">=5.3.3"},"uid":23569},"v1.2.0":{"name":"fzaninotto\/faker","description":"Faker is a PHP library that generates fake data for you.","keywords":["faker","fixtures","data"],"homepage":"","version":"v1.2.0","version_normalized":"1.2.0.0","license":["MIT"],"authors":[{"name":"Fran\u00e7ois Zaninotto"}],"source":{"type":"git","url":"https:\/\/github.com\/fzaninotto\/Faker.git","reference":"4ad4bc4b5c8d3c0f3cf55d2fedc2f65b313ec62f"},"dist":{"type":"zip","url":"https:\/\/api.github.com\/repos\/fzaninotto\/Faker\/zipball\/4ad4bc4b5c8d3c0f3cf55d2fedc2f65b313ec62f","reference":"4ad4bc4b5c8d3c0f3cf55d2fedc2f65b313ec62f","shasum":""},"type":"library","time":"2013-06-09T18:05:57+00:00","autoload":{"psr-0":{"Faker":"src\/","Faker\\PHPUnit":"test\/"}},"extra":{"branch-alias":{"dev-master":"1.2.x-dev"}},"require":{"php":">=5.3.3"},"uid":60975},"v1.3.0":{"name":"fzaninotto\/faker","description":"Faker is a PHP library that generates fake data for you.","keywords":["faker","fixtures","data"],"homepage":"","version":"v1.3.0","version_normalized":"1.3.0.0","license":["MIT"],"authors":[{"name":"Fran\u00e7ois Zaninotto"}],"source":{"type":"git","url":"https:\/\/github.com\/fzaninotto\/Faker.git","reference":"1d143fd8caf4d264602450bc01d7484af788706b"},"dist":{"type":"zip","url":"https:\/\/api.github.com\/repos\/fzaninotto\/Faker\/zipball\/1d143fd8caf4d264602450bc01d7484af788706b","reference":"1d143fd8caf4d264602450bc01d7484af788706b","shasum":""},"type":"library","time":"2013-12-16T21:56:48+00:00","autoload":{"psr-0":{"Faker":"src\/","Faker\\PHPUnit":"test\/"}},"extra":{"branch-alias":{"dev-master":"1.3.0-dev"}},"require":{"php":">=5.3.3"},"uid":111529},"v1.4.0":{"name":"fzaninotto\/faker","description":"Faker is a PHP library that generates fake data for you.","keywords":["faker","fixtures","data"],"homepage":"","version":"v1.4.0","version_normalized":"1.4.0.0","license":["MIT"],"authors":[{"name":"Fran\u00e7ois Zaninotto"}],"source":{"type":"git","url":"https:\/\/github.com\/fzaninotto\/Faker.git","reference":"010c7efedd88bf31141a02719f51fb44c732d5a0"},"dist":{"type":"zip","url":"https:\/\/api.github.com\/repos\/fzaninotto\/Faker\/zipball\/010c7efedd88bf31141a02719f51fb44c732d5a0","reference":"010c7efedd88bf31141a02719f51fb44c732d5a0","shasum":""},"type":"library","time":"2014-06-04T14:43:02+00:00","autoload":{"psr-0":{"Faker":"src\/","Faker\\PHPUnit":"test\/"}},"extra":{"branch-alias":[]},"require":{"php":">=5.3.3"},"require-dev":{"phpunit\/phpunit":"~4.0","squizlabs\/php_codesniffer":"~1.5"},"uid":183231},"v1.5.0":{"name":"fzaninotto\/faker","description":"Faker is a PHP library that generates fake data for you.","keywords":["faker","fixtures","data"],"homepage":"","version":"v1.5.0","version_normalized":"1.5.0.0","license":["MIT"],"authors":[{"name":"Fran\u00e7ois Zaninotto"}],"source":{"type":"git","url":"https:\/\/github.com\/fzaninotto\/Faker.git","reference":"d0190b156bcca848d401fb80f31f504f37141c8d"},"dist":{"type":"zip","url":"https:\/\/api.github.com\/repos\/fzaninotto\/Faker\/zipball\/d0190b156bcca848d401fb80f31f504f37141c8d","reference":"d0190b156bcca848d401fb80f31f504f37141c8d","shasum":""},"type":"library","time":"2015-05-29T06:29:14+00:00","autoload":{"psr-4":{"Faker\\":"src\/Faker\/"}},"extra":{"branch-alias":{"dev-master":"1.5.x-dev"}},"require":{"php":">=5.3.3"},"require-dev":{"phpunit\/phpunit":"~4.0","squizlabs\/php_codesniffer":"~1.5"},"suggest":{"ext-intl":"*"},"uid":419280}},"srokap\/data_generator":{"dev-master":{"name":"srokap\/data_generator","description":"Elgg plugin, that allows to fill-up Elgg installation with a lot of fake data.","keywords":["faker","plugin","tests","data generator","elgg"],"homepage":"https:\/\/github.com\/Srokap\/data_generator","version":"dev-master","version_normalized":"9999999-dev","license":["MIT"],"authors":[{"name":"Pawe\u0142 Sroka","email":"srokap@gmail.com"}],"source":{"type":"git","url":"https:\/\/github.com\/Srokap\/data_generator.git","reference":"2f06de5d4fed38dda3002a8fddb12a5a25dcbd52"},"dist":{"type":"zip","url":"https:\/\/api.github.com\/repos\/Srokap\/data_generator\/zipball\/2f06de5d4fed38dda3002a8fddb12a5a25dcbd52","reference":"2f06de5d4fed38dda3002a8fddb12a5a25dcbd52","shasum":""},"type":"elgg-plugin","time":"2014-04-05T23:17:16+00:00","autoload":{"classmap":["classes\/","vendors\/fzaninotto\/faker\/src\/"]},"require":{"php":">=5.3.3","composer\/installers":">=1.0.8"},"provide":{"fzaninotto\/faker":"1.3.0"},"uid":113834}}}}