{"packages":{"sebastian\/recursion-context":{"1.0.0":{"name":"sebastian\/recursion-context","description":"Provides functionality to recursively process PHP variables","keywords":[],"homepage":"http:\/\/www.github.com\/sebastianbergmann\/recursion-context","version":"1.0.0","version_normalized":"1.0.0.0","license":["BSD-3-Clause"],"authors":[{"name":"Jeff Welch","email":"whatthejeff@gmail.com"},{"name":"Sebastian Bergmann","email":"sebastian@phpunit.de"},{"name":"Adam Harvey","email":"aharvey@php.net"}],"source":{"type":"git","url":"https:\/\/github.com\/sebastianbergmann\/recursion-context.git","reference":"3989662bbb30a29d20d9faa04a846af79b276252"},"dist":{"type":"zip","url":"https:\/\/api.github.com\/repos\/sebastianbergmann\/recursion-context\/zipball\/3989662bbb30a29d20d9faa04a846af79b276252","reference":"3989662bbb30a29d20d9faa04a846af79b276252","shasum":""},"type":"library","time":"2015-01-24T09:48:32+00:00","autoload":{"classmap":["src\/"]},"extra":{"branch-alias":{"dev-master":"1.0.x-dev"}},"require":{"php":">=5.3.3"},"require-dev":{"phpunit\/phpunit":"~4.4"},"uid":313133},"1.0.1":{"name":"sebastian\/recursion-context","description":"Provides functionality to recursively process PHP variables","keywords":[],"homepage":"http:\/\/www.github.com\/sebastianbergmann\/recursion-context","version":"1.0.1","version_normalized":"1.0.1.0","license":["BSD-3-Clause"],"authors":[{"name":"Jeff Welch","email":"whatthejeff@gmail.com"},{"name":"Sebastian Bergmann","email":"sebastian@phpunit.de"},{"name":"Adam Harvey","email":"aharvey@php.net"}],"source":{"type":"git","url":"https:\/\/github.com\/sebastianbergmann\/recursion-context.git","reference":"994d4a811bafe801fb06dccbee797863ba2792ba"},"dist":{"type":"zip","url":"https:\/\/api.github.com\/repos\/sebastianbergmann\/recursion-context\/zipball\/994d4a811bafe801fb06dccbee797863ba2792ba","reference":"994d4a811bafe801fb06dccbee797863ba2792ba","shasum":""},"type":"library","time":"2015-06-21T08:04:50+00:00","autoload":{"classmap":["src\/"]},"extra":{"branch-alias":{"dev-master":"1.0.x-dev"}},"require":{"php":">=5.3.3"},"require-dev":{"phpunit\/phpunit":"~4.4"},"uid":473243},"dev-master":{"name":"sebastian\/recursion-context","description":"Provides functionality to recursively process PHP variables","keywords":[],"homepage":"http:\/\/www.github.com\/sebastianbergmann\/recursion-context","version":"dev-master","version_normalized":"9999999-dev","license":["BSD-3-Clause"],"authors":[{"name":"Jeff Welch","email":"whatthejeff@gmail.com"},{"name":"Sebastian Bergmann","email":"sebastian@phpunit.de"},{"name":"Adam Harvey","email":"aharvey@php.net"}],"source":{"type":"git","url":"https:\/\/github.com\/sebastianbergmann\/recursion-context.git","reference":"994d4a811bafe801fb06dccbee797863ba2792ba"},"dist":{"type":"zip","url":"https:\/\/api.github.com\/repos\/sebastianbergmann\/recursion-context\/zipball\/994d4a811bafe801fb06dccbee797863ba2792ba","reference":"994d4a811bafe801fb06dccbee797863ba2792ba","shasum":""},"type":"library","time":"2015-06-21T08:04:50+00:00","autoload":{"classmap":["src\/"]},"extra":{"branch-alias":{"dev-master":"1.0.x-dev"}},"require":{"php":">=5.3.3"},"require-dev":{"phpunit\/phpunit":"~4.4"},"uid":312463}}}}