{"packages":{"hamcrest\/hamcrest-php":{"dev-master":{"name":"hamcrest\/hamcrest-php","description":"This is the PHP port of Hamcrest Matchers","keywords":["test"],"homepage":"","version":"dev-master","version_normalized":"9999999-dev","license":["BSD"],"authors":[],"source":{"type":"git","url":"https:\/\/github.com\/hamcrest\/hamcrest-php.git","reference":"60177003cf491f2bbf15842a6f3034215e62e7e3"},"dist":{"type":"zip","url":"https:\/\/api.github.com\/repos\/hamcrest\/hamcrest-php\/zipball\/60177003cf491f2bbf15842a6f3034215e62e7e3","reference":"60177003cf491f2bbf15842a6f3034215e62e7e3","shasum":""},"type":"library","time":"2015-06-08T17:47:39+00:00","autoload":{"classmap":["hamcrest"],"files":["hamcrest\/Hamcrest.php"]},"require":{"php":">=5.3.2"},"require-dev":{"satooshi\/php-coveralls":"dev-master","phpunit\/php-file-iterator":"1.3.3","phpunit\/phpunit":"~4.0"},"replace":{"kodova\/hamcrest-php":"*","davedevelopment\/hamcrest-php":"*","cordoval\/hamcrest-php":"*"},"uid":115307},"v1.2.0":{"name":"hamcrest\/hamcrest-php","description":"This is the PHP port of Hamcrest Matchers","keywords":["test"],"homepage":"","version":"v1.2.0","version_normalized":"1.2.0.0","license":["BSD"],"authors":[],"source":{"type":"git","url":"https:\/\/github.com\/hamcrest\/hamcrest-php.git","reference":"a68ffcabdeeb2c7c253073ab49c86a91a551d8dd"},"dist":{"type":"zip","url":"https:\/\/api.github.com\/repos\/hamcrest\/hamcrest-php\/zipball\/a68ffcabdeeb2c7c253073ab49c86a91a551d8dd","reference":"a68ffcabdeeb2c7c253073ab49c86a91a551d8dd","shasum":""},"type":"library","time":"2014-09-25T04:46:01+00:00","autoload":{"classmap":["hamcrest"],"files":["hamcrest\/Hamcrest.php"]},"require":{"php":">=5.3.2"},"require-dev":{"satooshi\/php-coveralls":"dev-master","phpunit\/php-file-iterator":"1.3.3"},"replace":{"kodova\/hamcrest-php":"*","davedevelopment\/hamcrest-php":"*","cordoval\/hamcrest-php":"*"},"uid":240566},"v1.2.1":{"name":"hamcrest\/hamcrest-php","description":"This is the PHP port of Hamcrest Matchers","keywords":["test"],"homepage":"","version":"v1.2.1","version_normalized":"1.2.1.0","license":["BSD"],"authors":[],"source":{"type":"git","url":"https:\/\/github.com\/hamcrest\/hamcrest-php.git","reference":"ac50c470531243944f977b8de75be0b684a9cb51"},"dist":{"type":"zip","url":"https:\/\/api.github.com\/repos\/hamcrest\/hamcrest-php\/zipball\/ac50c470531243944f977b8de75be0b684a9cb51","reference":"ac50c470531243944f977b8de75be0b684a9cb51","shasum":""},"type":"library","time":"2015-01-20T19:34:09+00:00","autoload":{"classmap":["hamcrest"],"files":["hamcrest\/Hamcrest.php"]},"require":{"php":">=5.3.2"},"require-dev":{"satooshi\/php-coveralls":"dev-master","phpunit\/php-file-iterator":"1.3.3"},"replace":{"kodova\/hamcrest-php":"*","davedevelopment\/hamcrest-php":"*","cordoval\/hamcrest-php":"*"},"uid":310619},"v1.2.2":{"name":"hamcrest\/hamcrest-php","description":"This is the PHP port of Hamcrest Matchers","keywords":["test"],"homepage":"","version":"v1.2.2","version_normalized":"1.2.2.0","license":["BSD"],"authors":[],"source":{"type":"git","url":"https:\/\/github.com\/hamcrest\/hamcrest-php.git","reference":"b37020aa976fa52d3de9aa904aa2522dc518f79c"},"dist":{"type":"zip","url":"https:\/\/api.github.com\/repos\/hamcrest\/hamcrest-php\/zipball\/b37020aa976fa52d3de9aa904aa2522dc518f79c","reference":"b37020aa976fa52d3de9aa904aa2522dc518f79c","shasum":""},"type":"library","time":"2015-05-11T14:41:42+00:00","autoload":{"classmap":["hamcrest"],"files":["hamcrest\/Hamcrest.php"]},"require":{"php":">=5.3.2"},"require-dev":{"satooshi\/php-coveralls":"dev-master","phpunit\/php-file-iterator":"1.3.3"},"replace":{"kodova\/hamcrest-php":"*","davedevelopment\/hamcrest-php":"*","cordoval\/hamcrest-php":"*"},"uid":403654}}}}