{"packages":{"phpspec\/prophecy":{"1.1.2":{"name":"phpspec\/prophecy","description":"Highly opinionated mocking framework for PHP 5.3+","keywords":["mock","stub","fake","spy","Dummy","Double"],"homepage":"http:\/\/phpspec.org","version":"1.1.2","version_normalized":"1.1.2.0","license":["MIT"],"authors":[{"name":"Konstantin Kudryashov","email":"ever.zet@gmail.com","homepage":"http:\/\/everzet.com"},{"name":"Marcello Duarte","email":"marcello.duarte@gmail.com"}],"source":{"type":"git","url":"https:\/\/github.com\/phpspec\/prophecy.git","reference":"976a65af02a2a0e17ce6c949f7b43437205628bb"},"dist":{"type":"zip","url":"https:\/\/api.github.com\/repos\/phpspec\/prophecy\/zipball\/976a65af02a2a0e17ce6c949f7b43437205628bb","reference":"976a65af02a2a0e17ce6c949f7b43437205628bb","shasum":""},"type":"library","time":"2014-01-24T11:03:43+00:00","autoload":{"psr-0":{"Prophecy\\":"src\/"}},"extra":{"branch-alias":{"dev-master":"1.1.x-dev"}},"require-dev":{"phpspec\/phpspec":"2.0.*"},"uid":124498},"1.4.0":{"name":"phpspec\/prophecy","description":"Highly opinionated mocking framework for PHP 5.3+","keywords":["mock","stub","fake","spy","Dummy","Double"],"homepage":"https:\/\/github.com\/phpspec\/prophecy","version":"1.4.0","version_normalized":"1.4.0.0","license":["MIT"],"authors":[{"name":"Konstantin Kudryashov","email":"ever.zet@gmail.com","homepage":"http:\/\/everzet.com"},{"name":"Marcello Duarte","email":"marcello.duarte@gmail.com"}],"source":{"type":"git","url":"https:\/\/github.com\/phpspec\/prophecy.git","reference":"8724cd239f8ef4c046f55a3b18b4d91cc7f3e4c5"},"dist":{"type":"zip","url":"https:\/\/api.github.com\/repos\/phpspec\/prophecy\/zipball\/8724cd239f8ef4c046f55a3b18b4d91cc7f3e4c5","reference":"8724cd239f8ef4c046f55a3b18b4d91cc7f3e4c5","shasum":""},"type":"library","time":"2015-03-27T19:31:25+00:00","autoload":{"psr-0":{"Prophecy\\":"src\/"}},"extra":{"branch-alias":{"dev-master":"1.4.x-dev"}},"require":{"phpdocumentor\/reflection-docblock":"~2.0","sebastian\/comparator":"~1.1","doctrine\/instantiator":"^1.0.2"},"require-dev":{"phpspec\/phpspec":"~2.0"},"uid":368007},"dev-master":{"name":"phpspec\/prophecy","description":"Highly opinionated mocking framework for PHP 5.3+","keywords":["mock","stub","fake","spy","Dummy","Double"],"homepage":"https:\/\/github.com\/phpspec\/prophecy","version":"dev-master","version_normalized":"9999999-dev","license":["MIT"],"authors":[{"name":"Konstantin Kudryashov","email":"ever.zet@gmail.com","homepage":"http:\/\/everzet.com"},{"name":"Marcello Duarte","email":"marcello.duarte@gmail.com"}],"source":{"type":"git","url":"https:\/\/github.com\/phpspec\/prophecy.git","reference":"8887e24c7a9fe8fea1b785df05b4558988d26cec"},"dist":{"type":"zip","url":"https:\/\/api.github.com\/repos\/phpspec\/prophecy\/zipball\/8887e24c7a9fe8fea1b785df05b4558988d26cec","reference":"8887e24c7a9fe8fea1b785df05b4558988d26cec","shasum":""},"type":"library","time":"2015-11-23T11:20:20+00:00","autoload":{"psr-0":{"Prophecy\\":"src\/"}},"extra":{"branch-alias":{"dev-master":"1.5.x-dev"}},"require":{"phpdocumentor\/reflection-docblock":"~2.0","doctrine\/instantiator":"^1.0.2","sebastian\/comparator":"~1.1"},"require-dev":{"phpspec\/phpspec":"~2.0"},"uid":44840},"v1.0.0":{"name":"phpspec\/prophecy","description":"Highly opinionated mocking framework for PHP 5.3+","keywords":["mock","stub","fake","spy","Dummy","Double"],"homepage":"http:\/\/phpspec.org","version":"v1.0.0","version_normalized":"1.0.0.0","license":["MIT"],"authors":[{"name":"Konstantin Kudryashov","email":"ever.zet@gmail.com","homepage":"http:\/\/everzet.com"},{"name":"Marcello Duarte","email":"marcello.duarte@gmail.com"}],"source":{"type":"git","url":"https:\/\/github.com\/phpspec\/prophecy.git","reference":"a92cfa21cfddb392473ecc8f981b7529fb30d02c"},"dist":{"type":"zip","url":"https:\/\/api.github.com\/repos\/phpspec\/prophecy\/zipball\/a92cfa21cfddb392473ecc8f981b7529fb30d02c","reference":"a92cfa21cfddb392473ecc8f981b7529fb30d02c","shasum":""},"type":"library","time":"2013-04-29T15:35:46+00:00","autoload":{"psr-0":{"Prophecy\\":"src\/"}},"extra":{"branch-alias":{"dev-master":"1.0.x-dev"}},"require-dev":{"phpspec\/phpspec2":"dev-develop"},"uid":51649},"v1.0.0-BETA1":{"name":"phpspec\/prophecy","description":"Highly opinionated mocking framework for PHP 5.3+","keywords":["mock","stub","fake","spy","Dummy","Double"],"homepage":"http:\/\/phpspec.org","version":"v1.0.0-BETA1","version_normalized":"1.0.0.0-beta1","license":["MIT"],"authors":[{"name":"Konstantin Kudryashov","email":"ever.zet@gmail.com","homepage":"http:\/\/everzet.com"},{"name":"Marcello Duarte","email":"marcello.duarte@gmail.com"}],"source":{"type":"git","url":"https:\/\/github.com\/phpspec\/prophecy.git","reference":"c9d2101d94b71d00f394d6b088026836abc1d2ce"},"dist":{"type":"zip","url":"https:\/\/api.github.com\/repos\/phpspec\/prophecy\/zipball\/c9d2101d94b71d00f394d6b088026836abc1d2ce","reference":"c9d2101d94b71d00f394d6b088026836abc1d2ce","shasum":""},"type":"library","time":"2013-03-25T11:41:31+00:00","autoload":{"psr-0":{"Prophecy":"src\/"}},"require-dev":{"phpspec\/phpspec2":"dev-develop"},"uid":44839},"v1.0.0-BETA2":{"name":"phpspec\/prophecy","description":"Highly opinionated mocking framework for PHP 5.3+","keywords":["mock","stub","fake","spy","Dummy","Double"],"homepage":"http:\/\/phpspec.org","version":"v1.0.0-BETA2","version_normalized":"1.0.0.0-beta2","license":["MIT"],"authors":[{"name":"Konstantin Kudryashov","email":"ever.zet@gmail.com","homepage":"http:\/\/everzet.com"},{"name":"Marcello Duarte","email":"marcello.duarte@gmail.com"}],"source":{"type":"git","url":"https:\/\/github.com\/phpspec\/prophecy.git","reference":"c423d8122bba960f3a976b2aabf66268656c3700"},"dist":{"type":"zip","url":"https:\/\/api.github.com\/repos\/phpspec\/prophecy\/zipball\/c423d8122bba960f3a976b2aabf66268656c3700","reference":"c423d8122bba960f3a976b2aabf66268656c3700","shasum":""},"type":"library","time":"2013-04-03T09:25:21+00:00","autoload":{"psr-0":{"Prophecy\\":"src\/"}},"extra":{"branch-alias":{"dev-master":"1.0.x-dev"}},"require-dev":{"phpspec\/phpspec2":"dev-develop"},"uid":46653},"v1.0.1":{"name":"phpspec\/prophecy","description":"Highly opinionated mocking framework for PHP 5.3+","keywords":["mock","stub","fake","spy","Dummy","Double"],"homepage":"http:\/\/phpspec.org","version":"v1.0.1","version_normalized":"1.0.1.0","license":["MIT"],"authors":[{"name":"Konstantin Kudryashov","email":"ever.zet@gmail.com","homepage":"http:\/\/everzet.com"},{"name":"Marcello Duarte","email":"marcello.duarte@gmail.com"}],"source":{"type":"git","url":"https:\/\/github.com\/phpspec\/prophecy.git","reference":"de83666fe7f9cb3b8b256e1a627527ec7dca1e4e"},"dist":{"type":"zip","url":"https:\/\/api.github.com\/repos\/phpspec\/prophecy\/zipball\/de83666fe7f9cb3b8b256e1a627527ec7dca1e4e","reference":"de83666fe7f9cb3b8b256e1a627527ec7dca1e4e","shasum":""},"type":"library","time":"2013-04-30T08:47:47+00:00","autoload":{"psr-0":{"Prophecy\\":"src\/"}},"extra":{"branch-alias":{"dev-master":"1.0.x-dev"}},"require-dev":{"phpspec\/phpspec2":"dev-develop"},"uid":51791},"v1.0.2":{"name":"phpspec\/prophecy","description":"Highly opinionated mocking framework for PHP 5.3+","keywords":["mock","stub","fake","spy","Dummy","Double"],"homepage":"http:\/\/phpspec.org","version":"v1.0.2","version_normalized":"1.0.2.0","license":["MIT"],"authors":[{"name":"Konstantin Kudryashov","email":"ever.zet@gmail.com","homepage":"http:\/\/everzet.com"},{"name":"Marcello Duarte","email":"marcello.duarte@gmail.com"}],"source":{"type":"git","url":"https:\/\/github.com\/phpspec\/prophecy.git","reference":"3403012d07a0b55eeaddedef334a22f422cc3fd4"},"dist":{"type":"zip","url":"https:\/\/api.github.com\/repos\/phpspec\/prophecy\/zipball\/3403012d07a0b55eeaddedef334a22f422cc3fd4","reference":"3403012d07a0b55eeaddedef334a22f422cc3fd4","shasum":""},"type":"library","time":"2013-05-19T10:12:33+00:00","autoload":{"psr-0":{"Prophecy\\":"src\/"}},"extra":{"branch-alias":{"dev-master":"1.0.x-dev"}},"require-dev":{"phpspec\/phpspec":"2.0.*"},"uid":56274},"v1.0.3":{"name":"phpspec\/prophecy","description":"Highly opinionated mocking framework for PHP 5.3+","keywords":["mock","stub","fake","spy","Dummy","Double"],"homepage":"http:\/\/phpspec.org","version":"v1.0.3","version_normalized":"1.0.3.0","license":["MIT"],"authors":[{"name":"Konstantin Kudryashov","email":"ever.zet@gmail.com","homepage":"http:\/\/everzet.com"},{"name":"Marcello Duarte","email":"marcello.duarte@gmail.com"}],"source":{"type":"git","url":"https:\/\/github.com\/phpspec\/prophecy.git","reference":"83ba2c1ca1d8a62bdf8b2cf92a9cc44aa19fb3a8"},"dist":{"type":"zip","url":"https:\/\/api.github.com\/repos\/phpspec\/prophecy\/zipball\/83ba2c1ca1d8a62bdf8b2cf92a9cc44aa19fb3a8","reference":"83ba2c1ca1d8a62bdf8b2cf92a9cc44aa19fb3a8","shasum":""},"type":"library","time":"2013-07-04T20:06:04+00:00","autoload":{"psr-0":{"Prophecy\\":"src\/"}},"extra":{"branch-alias":{"dev-master":"1.0.x-dev"}},"require-dev":{"phpspec\/phpspec":"2.0.*"},"uid":66884},"v1.0.4":{"name":"phpspec\/prophecy","description":"Highly opinionated mocking framework for PHP 5.3+","keywords":["mock","stub","fake","spy","Dummy","Double"],"homepage":"http:\/\/phpspec.org","version":"v1.0.4","version_normalized":"1.0.4.0","license":["MIT"],"authors":[{"name":"Konstantin Kudryashov","email":"ever.zet@gmail.com","homepage":"http:\/\/everzet.com"},{"name":"Marcello Duarte","email":"marcello.duarte@gmail.com"}],"source":{"type":"git","url":"https:\/\/github.com\/phpspec\/prophecy.git","reference":"79d9c8bd94801bffbf9b56964f6438762da6d8cd"},"dist":{"type":"zip","url":"https:\/\/api.github.com\/repos\/phpspec\/prophecy\/zipball\/79d9c8bd94801bffbf9b56964f6438762da6d8cd","reference":"79d9c8bd94801bffbf9b56964f6438762da6d8cd","shasum":""},"type":"library","time":"2013-08-10T11:11:45+00:00","autoload":{"psr-0":{"Prophecy\\":"src\/"}},"extra":{"branch-alias":{"dev-master":"1.0.x-dev"}},"require-dev":{"phpspec\/phpspec":"2.0.*"},"uid":75678},"v1.1.0":{"name":"phpspec\/prophecy","description":"Highly opinionated mocking framework for PHP 5.3+","keywords":["mock","stub","fake","spy","Dummy","Double"],"homepage":"http:\/\/phpspec.org","version":"v1.1.0","version_normalized":"1.1.0.0","license":["MIT"],"authors":[{"name":"Konstantin Kudryashov","email":"ever.zet@gmail.com","homepage":"http:\/\/everzet.com"},{"name":"Marcello Duarte","email":"marcello.duarte@gmail.com"}],"source":{"type":"git","url":"https:\/\/github.com\/phpspec\/prophecy.git","reference":"119b07de9c592a0286cd584d6e961903ba096d8a"},"dist":{"type":"zip","url":"https:\/\/api.github.com\/repos\/phpspec\/prophecy\/zipball\/119b07de9c592a0286cd584d6e961903ba096d8a","reference":"119b07de9c592a0286cd584d6e961903ba096d8a","shasum":""},"type":"library","time":"2014-01-01T21:15:36+00:00","autoload":{"psr-0":{"Prophecy\\":"src\/"}},"extra":{"branch-alias":{"dev-master":"1.1.x-dev"}},"require-dev":{"phpspec\/phpspec":"2.0.*"},"uid":115609},"v1.1.1":{"name":"phpspec\/prophecy","description":"Highly opinionated mocking framework for PHP 5.3+","keywords":["mock","stub","fake","spy","Dummy","Double"],"homepage":"http:\/\/phpspec.org","version":"v1.1.1","version_normalized":"1.1.1.0","license":["MIT"],"authors":[{"name":"Konstantin Kudryashov","email":"ever.zet@gmail.com","homepage":"http:\/\/everzet.com"},{"name":"Marcello Duarte","email":"marcello.duarte@gmail.com"}],"source":{"type":"git","url":"https:\/\/github.com\/phpspec\/prophecy.git","reference":"fc5ddee4879dfcee788d9cb4b92af9028bc3d7e8"},"dist":{"type":"zip","url":"https:\/\/api.github.com\/repos\/phpspec\/prophecy\/zipball\/fc5ddee4879dfcee788d9cb4b92af9028bc3d7e8","reference":"fc5ddee4879dfcee788d9cb4b92af9028bc3d7e8","shasum":""},"type":"library","time":"2014-01-15T15:06:06+00:00","autoload":{"psr-0":{"Prophecy\\":"src\/"}},"extra":{"branch-alias":{"dev-master":"1.1.x-dev"}},"require-dev":{"phpspec\/phpspec":"2.0.*"},"uid":120917},"v1.2.0":{"name":"phpspec\/prophecy","description":"Highly opinionated mocking framework for PHP 5.3+","keywords":["mock","stub","fake","spy","Dummy","Double"],"homepage":"http:\/\/phpspec.org","version":"v1.2.0","version_normalized":"1.2.0.0","license":["MIT"],"authors":[{"name":"Konstantin Kudryashov","email":"ever.zet@gmail.com","homepage":"http:\/\/everzet.com"},{"name":"Marcello Duarte","email":"marcello.duarte@gmail.com"}],"source":{"type":"git","url":"https:\/\/github.com\/phpspec\/prophecy.git","reference":"328484c88ed3cd7d1980b624bb98fa635f212ec9"},"dist":{"type":"zip","url":"https:\/\/api.github.com\/repos\/phpspec\/prophecy\/zipball\/328484c88ed3cd7d1980b624bb98fa635f212ec9","reference":"328484c88ed3cd7d1980b624bb98fa635f212ec9","shasum":""},"type":"library","time":"2014-07-18T21:26:55+00:00","autoload":{"psr-0":{"Prophecy\\":"src\/"}},"extra":{"branch-alias":{"dev-master":"1.2.x-dev"}},"require":{"phpdocumentor\/reflection-docblock":"~2.0"},"require-dev":{"phpspec\/phpspec":"~2.0"},"uid":203907},"v1.2.1":{"name":"phpspec\/prophecy","description":"Highly opinionated mocking framework for PHP 5.3+","keywords":["mock","stub","fake","spy","Dummy","Double"],"homepage":"http:\/\/phpspec.org","version":"v1.2.1","version_normalized":"1.2.1.0","license":["MIT"],"authors":[{"name":"Konstantin Kudryashov","email":"ever.zet@gmail.com","homepage":"http:\/\/everzet.com"},{"name":"Marcello Duarte","email":"marcello.duarte@gmail.com"}],"source":{"type":"git","url":"https:\/\/github.com\/phpspec\/prophecy.git","reference":"ed9c0bcffe4639a5b0ff83e399eeb28e7fcc68f0"},"dist":{"type":"zip","url":"https:\/\/api.github.com\/repos\/phpspec\/prophecy\/zipball\/ed9c0bcffe4639a5b0ff83e399eeb28e7fcc68f0","reference":"ed9c0bcffe4639a5b0ff83e399eeb28e7fcc68f0","shasum":""},"type":"library","time":"2014-09-23T10:52:18+00:00","autoload":{"psr-0":{"Prophecy\\":"src\/"}},"extra":{"branch-alias":{"dev-master":"1.2.x-dev"}},"require":{"phpdocumentor\/reflection-docblock":"~2.0","doctrine\/instantiator":"~1.0,>=1.0.2"},"require-dev":{"phpspec\/phpspec":"~2.0"},"uid":239487},"v1.3.0":{"name":"phpspec\/prophecy","description":"Highly opinionated mocking framework for PHP 5.3+","keywords":["mock","stub","fake","spy","Dummy","Double"],"homepage":"http:\/\/phpspec.org","version":"v1.3.0","version_normalized":"1.3.0.0","license":["MIT"],"authors":[{"name":"Konstantin Kudryashov","email":"ever.zet@gmail.com","homepage":"http:\/\/everzet.com"},{"name":"Marcello Duarte","email":"marcello.duarte@gmail.com"}],"source":{"type":"git","url":"https:\/\/github.com\/phpspec\/prophecy.git","reference":"91c2e9b44e5899738e1949dc248370cabdd5a9ae"},"dist":{"type":"zip","url":"https:\/\/api.github.com\/repos\/phpspec\/prophecy\/zipball\/91c2e9b44e5899738e1949dc248370cabdd5a9ae","reference":"91c2e9b44e5899738e1949dc248370cabdd5a9ae","shasum":""},"type":"library","time":"2014-11-14T15:31:18+00:00","autoload":{"psr-0":{"Prophecy\\":"src\/"}},"extra":{"branch-alias":{"dev-master":"1.2.x-dev"}},"require":{"phpdocumentor\/reflection-docblock":"~2.0","doctrine\/instantiator":"~1.0,>=1.0.2"},"require-dev":{"phpspec\/phpspec":"~2.0"},"uid":270522},"v1.3.1":{"name":"phpspec\/prophecy","description":"Highly opinionated mocking framework for PHP 5.3+","keywords":["mock","stub","fake","spy","Dummy","Double"],"homepage":"http:\/\/phpspec.org","version":"v1.3.1","version_normalized":"1.3.1.0","license":["MIT"],"authors":[{"name":"Konstantin Kudryashov","email":"ever.zet@gmail.com","homepage":"http:\/\/everzet.com"},{"name":"Marcello Duarte","email":"marcello.duarte@gmail.com"}],"source":{"type":"git","url":"https:\/\/github.com\/phpspec\/prophecy.git","reference":"9ca52329bcdd1500de24427542577ebf3fc2f1c9"},"dist":{"type":"zip","url":"https:\/\/api.github.com\/repos\/phpspec\/prophecy\/zipball\/9ca52329bcdd1500de24427542577ebf3fc2f1c9","reference":"9ca52329bcdd1500de24427542577ebf3fc2f1c9","shasum":""},"type":"library","time":"2014-11-17T16:23:49+00:00","autoload":{"psr-0":{"Prophecy\\":"src\/"}},"extra":{"branch-alias":{"dev-master":"1.2.x-dev"}},"require":{"phpdocumentor\/reflection-docblock":"~2.0","doctrine\/instantiator":"~1.0,>=1.0.2"},"require-dev":{"phpspec\/phpspec":"~2.0"},"uid":271982},"v1.4.1":{"name":"phpspec\/prophecy","description":"Highly opinionated mocking framework for PHP 5.3+","keywords":["mock","stub","fake","spy","Dummy","Double"],"homepage":"https:\/\/github.com\/phpspec\/prophecy","version":"v1.4.1","version_normalized":"1.4.1.0","license":["MIT"],"authors":[{"name":"Konstantin Kudryashov","email":"ever.zet@gmail.com","homepage":"http:\/\/everzet.com"},{"name":"Marcello Duarte","email":"marcello.duarte@gmail.com"}],"source":{"type":"git","url":"https:\/\/github.com\/phpspec\/prophecy.git","reference":"3132b1f44c7bf2ec4c7eb2d3cb78fdeca760d373"},"dist":{"type":"zip","url":"https:\/\/api.github.com\/repos\/phpspec\/prophecy\/zipball\/3132b1f44c7bf2ec4c7eb2d3cb78fdeca760d373","reference":"3132b1f44c7bf2ec4c7eb2d3cb78fdeca760d373","shasum":""},"type":"library","time":"2015-04-27T22:15:08+00:00","autoload":{"psr-0":{"Prophecy\\":"src\/"}},"extra":{"branch-alias":{"dev-master":"1.4.x-dev"}},"require":{"phpdocumentor\/reflection-docblock":"~2.0","sebastian\/comparator":"~1.1","doctrine\/instantiator":"^1.0.2"},"require-dev":{"phpspec\/phpspec":"~2.0"},"uid":392328},"v1.5.0":{"name":"phpspec\/prophecy","description":"Highly opinionated mocking framework for PHP 5.3+","keywords":["mock","stub","fake","spy","Dummy","Double"],"homepage":"https:\/\/github.com\/phpspec\/prophecy","version":"v1.5.0","version_normalized":"1.5.0.0","license":["MIT"],"authors":[{"name":"Konstantin Kudryashov","email":"ever.zet@gmail.com","homepage":"http:\/\/everzet.com"},{"name":"Marcello Duarte","email":"marcello.duarte@gmail.com"}],"source":{"type":"git","url":"https:\/\/github.com\/phpspec\/prophecy.git","reference":"4745ded9307786b730d7a60df5cb5a6c43cf95f7"},"dist":{"type":"zip","url":"https:\/\/api.github.com\/repos\/phpspec\/prophecy\/zipball\/4745ded9307786b730d7a60df5cb5a6c43cf95f7","reference":"4745ded9307786b730d7a60df5cb5a6c43cf95f7","shasum":""},"type":"library","time":"2015-08-13T10:07:40+00:00","autoload":{"psr-0":{"Prophecy\\":"src\/"}},"extra":{"branch-alias":{"dev-master":"1.4.x-dev"}},"require":{"phpdocumentor\/reflection-docblock":"~2.0","sebastian\/comparator":"~1.1","doctrine\/instantiator":"^1.0.2"},"require-dev":{"phpspec\/phpspec":"~2.0"},"uid":489926}}}}