{"packages":{"classpreloader\/classpreloader":{"1.0.0":{"name":"classpreloader\/classpreloader","description":"Helps class loading performance by generating a single PHP file containing all of the autoloaded files for a specific use case","keywords":["autoload","class","preload"],"homepage":"","version":"1.0.0","version_normalized":"1.0.0.0","license":["MIT"],"authors":[],"source":{"type":"git","url":"https:\/\/github.com\/ClassPreloader\/ClassPreloader.git","reference":"941875151a152f7fa341c78032f668708b2399eb"},"dist":{"type":"zip","url":"https:\/\/api.github.com\/repos\/ClassPreloader\/ClassPreloader\/zipball\/941875151a152f7fa341c78032f668708b2399eb","reference":"941875151a152f7fa341c78032f668708b2399eb","shasum":""},"type":"library","time":"2013-03-03T02:28:14+00:00","autoload":{"psr-0":{"ClassPreloader":"src\/"}},"bin":["classpreloader.php"],"require":{"php":">=5.3.3","symfony\/console":">2.0","symfony\/filesystem":">2.0","symfony\/finder":">2.0","nikic\/php-parser":"*"},"uid":579464},"1.0.1":{"name":"classpreloader\/classpreloader","description":"Helps class loading performance by generating a single PHP file containing all of the autoloaded files for a specific use case","keywords":["autoload","class","preload"],"homepage":"","version":"1.0.1","version_normalized":"1.0.1.0","license":["MIT"],"authors":[],"source":{"type":"git","url":"https:\/\/github.com\/ClassPreloader\/ClassPreloader.git","reference":"1a50f7945b725ff2c60f234e51407d1d6e7c77c5"},"dist":{"type":"zip","url":"https:\/\/api.github.com\/repos\/ClassPreloader\/ClassPreloader\/zipball\/1a50f7945b725ff2c60f234e51407d1d6e7c77c5","reference":"1a50f7945b725ff2c60f234e51407d1d6e7c77c5","shasum":""},"type":"library","time":"2013-06-24T22:58:34+00:00","autoload":{"psr-0":{"ClassPreloader":"src\/"}},"extra":{"branch-alias":{"dev-master":"1.0.0-dev"}},"bin":["classpreloader.php"],"require":{"php":">=5.3.3","symfony\/console":">2.0","symfony\/filesystem":">2.0","symfony\/finder":">2.0","nikic\/php-parser":"*"},"uid":579465},"1.0.2":{"name":"classpreloader\/classpreloader","description":"Helps class loading performance by generating a single PHP file containing all of the autoloaded files for a specific use case","keywords":["autoload","class","preload"],"homepage":"","version":"1.0.2","version_normalized":"1.0.2.0","license":["MIT"],"authors":[],"source":{"type":"git","url":"https:\/\/github.com\/ClassPreloader\/ClassPreloader.git","reference":"2c9f3bcbab329570c57339895bd11b5dd3b00877"},"dist":{"type":"zip","url":"https:\/\/api.github.com\/repos\/ClassPreloader\/ClassPreloader\/zipball\/2c9f3bcbab329570c57339895bd11b5dd3b00877","reference":"2c9f3bcbab329570c57339895bd11b5dd3b00877","shasum":""},"type":"library","time":"2014-03-12T00:05:31+00:00","autoload":{"psr-0":{"ClassPreloader":"src\/"}},"extra":{"branch-alias":{"dev-master":"1.0-dev"}},"bin":["classpreloader.php"],"require":{"php":">=5.3.3","symfony\/console":"~2.1","symfony\/filesystem":"~2.1","symfony\/finder":"~2.1","nikic\/php-parser":"~0.9"},"uid":579466},"1.1.0":{"name":"classpreloader\/classpreloader","description":"Helps class loading performance by generating a single PHP file containing all of the autoloaded files for a specific use case","keywords":["autoload","class","preload"],"homepage":"","version":"1.1.0","version_normalized":"1.1.0.0","license":["MIT"],"authors":[{"name":"Graham Campbell","email":"graham@mineuk.com"},{"name":"Michael Dowling","email":"mtdowling@gmail.com"}],"source":{"type":"git","url":"https:\/\/github.com\/ClassPreloader\/ClassPreloader.git","reference":"0140ce8cde81376551bc6d670b3a1876d4e1f348"},"dist":{"type":"zip","url":"https:\/\/api.github.com\/repos\/ClassPreloader\/ClassPreloader\/zipball\/0140ce8cde81376551bc6d670b3a1876d4e1f348","reference":"0140ce8cde81376551bc6d670b3a1876d4e1f348","shasum":""},"type":"library","time":"2014-09-23T20:45:46+00:00","autoload":{"psr-4":{"ClassPreloader\\":"src\/"}},"extra":{"branch-alias":{"dev-master":"1.1-dev"}},"bin":["classpreloader.php"],"require":{"php":">=5.3.3","symfony\/console":"~2.1","symfony\/filesystem":"~2.1","symfony\/finder":"~2.1","nikic\/php-parser":"~1.0"},"require-dev":{"phpunit\/phpunit":"~4.0"},"uid":579467},"1.2.0":{"name":"classpreloader\/classpreloader","description":"Helps class loading performance by generating a single PHP file containing all of the autoloaded files for a specific use case","keywords":["autoload","class","preload"],"homepage":"","version":"1.2.0","version_normalized":"1.2.0.0","license":["MIT"],"authors":[{"name":"Graham Campbell","email":"graham@mineuk.com"},{"name":"Michael Dowling","email":"mtdowling@gmail.com"}],"source":{"type":"git","url":"https:\/\/github.com\/ClassPreloader\/ClassPreloader.git","reference":"f0bfbf71fb3335c9473f695d4d966ba2fb879a9f"},"dist":{"type":"zip","url":"https:\/\/api.github.com\/repos\/ClassPreloader\/ClassPreloader\/zipball\/f0bfbf71fb3335c9473f695d4d966ba2fb879a9f","reference":"f0bfbf71fb3335c9473f695d4d966ba2fb879a9f","shasum":""},"type":"library","time":"2015-01-26T22:06:19+00:00","autoload":{"psr-4":{"ClassPreloader\\":"src\/"}},"extra":{"branch-alias":{"dev-master":"1.2-dev"}},"bin":["classpreloader.php"],"require":{"php":">=5.3.3","symfony\/console":"~2.1","symfony\/filesystem":"~2.1","symfony\/finder":"~2.1","nikic\/php-parser":"~1.0"},"require-dev":{"phpunit\/phpunit":"~4.0"},"uid":579468},"1.3.0":{"name":"classpreloader\/classpreloader","description":"Helps class loading performance by generating a single PHP file containing all of the autoloaded files for a specific use case","keywords":["autoload","class","preload"],"homepage":"","version":"1.3.0","version_normalized":"1.3.0.0","license":["MIT"],"authors":[{"name":"Graham Campbell","email":"graham@mineuk.com"},{"name":"Michael Dowling","email":"mtdowling@gmail.com"}],"source":{"type":"git","url":"https:\/\/github.com\/ClassPreloader\/ClassPreloader.git","reference":"0544616ba33fb2a6b792b3a7822650810c6d65d9"},"dist":{"type":"zip","url":"https:\/\/api.github.com\/repos\/ClassPreloader\/ClassPreloader\/zipball\/0544616ba33fb2a6b792b3a7822650810c6d65d9","reference":"0544616ba33fb2a6b792b3a7822650810c6d65d9","shasum":""},"type":"library","time":"2015-04-15T21:59:30+00:00","autoload":{"psr-4":{"ClassPreloader\\":"src\/"}},"extra":{"branch-alias":{"dev-master":"1.3-dev"}},"bin":["classpreloader.php"],"require":{"php":">=5.3.3","symfony\/console":"~2.1","symfony\/filesystem":"~2.1","symfony\/finder":"~2.1","nikic\/php-parser":"^1.2.2"},"require-dev":{"phpunit\/phpunit":"~4.0"},"uid":579469},"1.4.0":{"name":"classpreloader\/classpreloader","description":"Helps class loading performance by generating a single PHP file containing all of the autoloaded files for a specific use case","keywords":["autoload","class","preload"],"homepage":"","version":"1.4.0","version_normalized":"1.4.0.0","license":["MIT"],"authors":[{"name":"Michael Dowling","email":"mtdowling@gmail.com"},{"name":"Graham Campbell","email":"graham@cachethq.io"}],"source":{"type":"git","url":"https:\/\/github.com\/ClassPreloader\/ClassPreloader.git","reference":"b76f3f4f603ebbe7e64351a7ef973431ddaf7b27"},"dist":{"type":"zip","url":"https:\/\/api.github.com\/repos\/ClassPreloader\/ClassPreloader\/zipball\/b76f3f4f603ebbe7e64351a7ef973431ddaf7b27","reference":"b76f3f4f603ebbe7e64351a7ef973431ddaf7b27","shasum":""},"type":"library","time":"2015-05-26T10:57:51+00:00","autoload":{"psr-4":{"ClassPreloader\\":"src\/"}},"extra":{"branch-alias":{"dev-master":"1.4-dev"}},"bin":["classpreloader.php"],"require":{"php":">=5.3.3","symfony\/console":"~2.1","symfony\/filesystem":"~2.1","symfony\/finder":"~2.1","nikic\/php-parser":"~1.3"},"require-dev":{"phpunit\/phpunit":"~4.0"},"uid":579470},"1.4.x-dev":{"name":"classpreloader\/classpreloader","description":"Helps class loading performance by generating a single PHP file containing all of the autoloaded files for a specific use case","keywords":["autoload","class","preload"],"homepage":"","version":"1.4.x-dev","version_normalized":"1.4.9999999.9999999-dev","license":["MIT"],"authors":[{"name":"Michael Dowling","email":"mtdowling@gmail.com"},{"name":"Graham Campbell","email":"graham@cachethq.io"}],"source":{"type":"git","url":"https:\/\/github.com\/ClassPreloader\/ClassPreloader.git","reference":"b76f3f4f603ebbe7e64351a7ef973431ddaf7b27"},"dist":{"type":"zip","url":"https:\/\/api.github.com\/repos\/ClassPreloader\/ClassPreloader\/zipball\/b76f3f4f603ebbe7e64351a7ef973431ddaf7b27","reference":"b76f3f4f603ebbe7e64351a7ef973431ddaf7b27","shasum":""},"type":"library","time":"2015-05-26T10:57:51+00:00","autoload":{"psr-4":{"ClassPreloader\\":"src\/"}},"extra":{"branch-alias":{"dev-master":"1.4-dev"}},"bin":["classpreloader.php"],"require":{"php":">=5.3.3","symfony\/console":"~2.1","symfony\/filesystem":"~2.1","symfony\/finder":"~2.1","nikic\/php-parser":"~1.3"},"require-dev":{"phpunit\/phpunit":"~4.0"},"uid":579474},"2.0.0":{"name":"classpreloader\/classpreloader","description":"Helps class loading performance by generating a single PHP file containing all of the autoloaded files for a specific use case","keywords":["autoload","class","preload"],"homepage":"","version":"2.0.0","version_normalized":"2.0.0.0","license":["MIT"],"authors":[{"name":"Michael Dowling","email":"mtdowling@gmail.com"},{"name":"Graham Campbell","email":"graham@alt-three.com"}],"source":{"type":"git","url":"https:\/\/github.com\/ClassPreloader\/ClassPreloader.git","reference":"8c3c14b10309e3b40bce833913a6c0c0b8c8f962"},"dist":{"type":"zip","url":"https:\/\/api.github.com\/repos\/ClassPreloader\/ClassPreloader\/zipball\/8c3c14b10309e3b40bce833913a6c0c0b8c8f962","reference":"8c3c14b10309e3b40bce833913a6c0c0b8c8f962","shasum":""},"type":"library","time":"2015-06-28T21:39:13+00:00","autoload":{"psr-4":{"ClassPreloader\\":"src\/"}},"extra":{"branch-alias":{"dev-master":"2.0-dev"}},"require":{"php":">=5.5.9","nikic\/php-parser":"~1.3"},"require-dev":{"phpunit\/phpunit":"~4.0"},"uid":579471},"2.0.x-dev":{"name":"classpreloader\/classpreloader","description":"Helps class loading performance by generating a single PHP file containing all of the autoloaded files for a specific use case","keywords":["autoload","class","preload"],"homepage":"","version":"2.0.x-dev","version_normalized":"2.0.9999999.9999999-dev","license":["MIT"],"authors":[{"name":"Michael Dowling","email":"mtdowling@gmail.com"},{"name":"Graham Campbell","email":"graham@alt-three.com"}],"source":{"type":"git","url":"https:\/\/github.com\/ClassPreloader\/ClassPreloader.git","reference":"8c3c14b10309e3b40bce833913a6c0c0b8c8f962"},"dist":{"type":"zip","url":"https:\/\/api.github.com\/repos\/ClassPreloader\/ClassPreloader\/zipball\/8c3c14b10309e3b40bce833913a6c0c0b8c8f962","reference":"8c3c14b10309e3b40bce833913a6c0c0b8c8f962","shasum":""},"type":"library","time":"2015-06-28T21:39:13+00:00","autoload":{"psr-4":{"ClassPreloader\\":"src\/"}},"extra":{"branch-alias":{"dev-master":"2.0-dev"}},"require":{"php":">=5.5.9","nikic\/php-parser":"~1.3"},"require-dev":{"phpunit\/phpunit":"~4.0"},"uid":579475},"3.0.0":{"name":"classpreloader\/classpreloader","description":"Helps class loading performance by generating a single PHP file containing all of the autoloaded files for a specific use case","keywords":["autoload","class","preload"],"homepage":"","version":"3.0.0","version_normalized":"3.0.0.0","license":["MIT"],"authors":[{"name":"Michael Dowling","email":"mtdowling@gmail.com"},{"name":"Graham Campbell","email":"graham@alt-three.com"}],"source":{"type":"git","url":"https:\/\/github.com\/ClassPreloader\/ClassPreloader.git","reference":"9b10b913c2bdf90c3d2e0d726b454fb7f77c552a"},"dist":{"type":"zip","url":"https:\/\/api.github.com\/repos\/ClassPreloader\/ClassPreloader\/zipball\/9b10b913c2bdf90c3d2e0d726b454fb7f77c552a","reference":"9b10b913c2bdf90c3d2e0d726b454fb7f77c552a","shasum":""},"type":"library","time":"2015-11-09T22:51:51+00:00","autoload":{"psr-4":{"ClassPreloader\\":"src\/"}},"extra":{"branch-alias":{"dev-master":"3.0-dev"}},"require":{"php":">=5.5.9","nikic\/php-parser":"^1.0|^2.0"},"require-dev":{"phpunit\/phpunit":"^4.8|^5.0"},"uid":579472},"dev-master":{"name":"classpreloader\/classpreloader","description":"Helps class loading performance by generating a single PHP file containing all of the autoloaded files for a specific use case","keywords":["autoload","class","preload"],"homepage":"","version":"dev-master","version_normalized":"9999999-dev","license":["MIT"],"authors":[{"name":"Michael Dowling","email":"mtdowling@gmail.com"},{"name":"Graham Campbell","email":"graham@alt-three.com"}],"source":{"type":"git","url":"https:\/\/github.com\/ClassPreloader\/ClassPreloader.git","reference":"4257542255b04ea4a7d844c61453987ba313daf6"},"dist":{"type":"zip","url":"https:\/\/api.github.com\/repos\/ClassPreloader\/ClassPreloader\/zipball\/4257542255b04ea4a7d844c61453987ba313daf6","reference":"4257542255b04ea4a7d844c61453987ba313daf6","shasum":""},"type":"library","time":"2015-11-13T14:44:11+00:00","autoload":{"psr-4":{"ClassPreloader\\":"src\/"}},"extra":{"branch-alias":{"dev-master":"3.0-dev"}},"require":{"php":">=5.5.9","nikic\/php-parser":"^1.0|^2.0"},"require-dev":{"phpunit\/phpunit":"^4.8|^5.0"},"uid":579473}}}}