{"packages":{"paragonie\/random_compat":{"0.9.0":{"name":"paragonie\/random_compat","description":"","keywords":["random","csprng","pseudorandom"],"homepage":"","version":"0.9.0","version_normalized":"0.9.0.0","license":["MIT"],"authors":[{"name":"Paragon Initiative Enterprises","email":"security@paragonie.com","homepage":"https:\/\/paragonie.com"}],"source":{"type":"git","url":"https:\/\/github.com\/paragonie\/random_compat.git","reference":"4e803df23a557891fedf52c5c9af700a50dd1805"},"dist":{"type":"zip","url":"https:\/\/api.github.com\/repos\/paragonie\/random_compat\/zipball\/4e803df23a557891fedf52c5c9af700a50dd1805","reference":"4e803df23a557891fedf52c5c9af700a50dd1805","shasum":""},"type":"library","time":"2015-07-07T21:23:16+00:00","autoload":{"files":["lib\/random.php"]},"uid":455191},"0.9.1":{"name":"paragonie\/random_compat","description":"","keywords":["random","csprng","pseudorandom"],"homepage":"","version":"0.9.1","version_normalized":"0.9.1.0","license":["MIT"],"authors":[{"name":"Paragon Initiative Enterprises","email":"security@paragonie.com","homepage":"https:\/\/paragonie.com"}],"source":{"type":"git","url":"https:\/\/github.com\/paragonie\/random_compat.git","reference":"92b380c7a2afd43b03658bf09b8551c00bee11e2"},"dist":{"type":"zip","url":"https:\/\/api.github.com\/repos\/paragonie\/random_compat\/zipball\/92b380c7a2afd43b03658bf09b8551c00bee11e2","reference":"92b380c7a2afd43b03658bf09b8551c00bee11e2","shasum":""},"type":"library","time":"2015-07-10T00:00:20+00:00","autoload":{"files":["lib\/random.php"]},"uid":457462},"0.9.2":{"name":"paragonie\/random_compat","description":"","keywords":["random","csprng","pseudorandom"],"homepage":"","version":"0.9.2","version_normalized":"0.9.2.0","license":["MIT"],"authors":[{"name":"Paragon Initiative Enterprises","email":"security@paragonie.com","homepage":"https:\/\/paragonie.com"}],"source":{"type":"git","url":"https:\/\/github.com\/paragonie\/random_compat.git","reference":"c55702685e7ad6735b2fef15ca3da188ee147901"},"dist":{"type":"zip","url":"https:\/\/api.github.com\/repos\/paragonie\/random_compat\/zipball\/c55702685e7ad6735b2fef15ca3da188ee147901","reference":"c55702685e7ad6735b2fef15ca3da188ee147901","shasum":""},"type":"library","time":"2015-07-17T02:09:05+00:00","autoload":{"files":["lib\/random.php"]},"uid":464209},"0.9.3":{"name":"paragonie\/random_compat","description":"PHP 5.x polyfill for random_bytes() and random_int() from PHP 7","keywords":["random","csprng","pseudorandom"],"homepage":"","version":"0.9.3","version_normalized":"0.9.3.0","license":["MIT"],"authors":[{"name":"Paragon Initiative Enterprises","email":"security@paragonie.com","homepage":"https:\/\/paragonie.com"}],"source":{"type":"git","url":"https:\/\/github.com\/paragonie\/random_compat.git","reference":"1a7b60368f25784c5156dcdca2c7201c8c9eadb1"},"dist":{"type":"zip","url":"https:\/\/api.github.com\/repos\/paragonie\/random_compat\/zipball\/1a7b60368f25784c5156dcdca2c7201c8c9eadb1","reference":"1a7b60368f25784c5156dcdca2c7201c8c9eadb1","shasum":""},"type":"library","time":"2015-07-22T16:57:56+00:00","autoload":{"files":["lib\/random.php"]},"uid":469466},"0.9.4":{"name":"paragonie\/random_compat","description":"PHP 5.x polyfill for random_bytes() and random_int() from PHP 7","keywords":["random","csprng","pseudorandom"],"homepage":"","version":"0.9.4","version_normalized":"0.9.4.0","license":["MIT"],"authors":[{"name":"Paragon Initiative Enterprises","email":"security@paragonie.com","homepage":"https:\/\/paragonie.com"}],"source":{"type":"git","url":"https:\/\/github.com\/paragonie\/random_compat.git","reference":"4a004b95a0f0f32f24935ddcc845b6c0a4fd0a84"},"dist":{"type":"zip","url":"https:\/\/api.github.com\/repos\/paragonie\/random_compat\/zipball\/4a004b95a0f0f32f24935ddcc845b6c0a4fd0a84","reference":"4a004b95a0f0f32f24935ddcc845b6c0a4fd0a84","shasum":""},"type":"library","time":"2015-07-27T17:14:01+00:00","autoload":{"files":["lib\/random.php"]},"uid":474394},"0.9.5":{"name":"paragonie\/random_compat","description":"PHP 5.x polyfill for random_bytes() and random_int() from PHP 7","keywords":["random","csprng","pseudorandom"],"homepage":"","version":"0.9.5","version_normalized":"0.9.5.0","license":["MIT"],"authors":[{"name":"Paragon Initiative Enterprises","email":"security@paragonie.com","homepage":"https:\/\/paragonie.com"}],"source":{"type":"git","url":"https:\/\/github.com\/paragonie\/random_compat.git","reference":"d6efc0a466f973cdf8235fc3a53dfc022354c32c"},"dist":{"type":"zip","url":"https:\/\/api.github.com\/repos\/paragonie\/random_compat\/zipball\/d6efc0a466f973cdf8235fc3a53dfc022354c32c","reference":"d6efc0a466f973cdf8235fc3a53dfc022354c32c","shasum":""},"type":"library","time":"2015-07-31T10:15:59+00:00","autoload":{"files":["lib\/random.php"]},"uid":478123},"1.0.1":{"name":"paragonie\/random_compat","description":"PHP 5.x polyfill for random_bytes() and random_int() from PHP 7","keywords":["random","csprng","pseudorandom"],"homepage":"","version":"1.0.1","version_normalized":"1.0.1.0","license":["MIT"],"authors":[{"name":"Paragon Initiative Enterprises","email":"security@paragonie.com","homepage":"https:\/\/paragonie.com"}],"source":{"type":"git","url":"https:\/\/github.com\/paragonie\/random_compat.git","reference":"f82de9f8701e10da15e25e69994bf99c1995145d"},"dist":{"type":"zip","url":"https:\/\/api.github.com\/repos\/paragonie\/random_compat\/zipball\/f82de9f8701e10da15e25e69994bf99c1995145d","reference":"f82de9f8701e10da15e25e69994bf99c1995145d","shasum":""},"type":"library","time":"2015-09-11T02:43:43+00:00","autoload":{"files":["lib\/random.php"]},"require":{"php":">=5.2.0"},"uid":518021},"1.0.10":{"name":"paragonie\/random_compat","description":"PHP 5.x polyfill for random_bytes() and random_int() from PHP 7","keywords":["random","csprng","pseudorandom"],"homepage":"","version":"1.0.10","version_normalized":"1.0.10.0","license":["MIT"],"authors":[{"name":"Paragon Initiative Enterprises","email":"security@paragonie.com","homepage":"https:\/\/paragonie.com"}],"source":{"type":"git","url":"https:\/\/github.com\/paragonie\/random_compat.git","reference":"2fa50aa2f17066fa74ba00d943e8cee1a98284af"},"dist":{"type":"zip","url":"https:\/\/api.github.com\/repos\/paragonie\/random_compat\/zipball\/2fa50aa2f17066fa74ba00d943e8cee1a98284af","reference":"2fa50aa2f17066fa74ba00d943e8cee1a98284af","shasum":""},"type":"library","time":"2015-10-23T13:21:37+00:00","autoload":{"files":["lib\/random.php"]},"require":{"php":">=5.2.0"},"suggest":{"ext-libsodium":"Provides a modern crypto API that can be used to generate random bytes."},"uid":560494},"1.0.2":{"name":"paragonie\/random_compat","description":"PHP 5.x polyfill for random_bytes() and random_int() from PHP 7","keywords":["random","csprng","pseudorandom"],"homepage":"","version":"1.0.2","version_normalized":"1.0.2.0","license":["MIT"],"authors":[{"name":"Paragon Initiative Enterprises","email":"security@paragonie.com","homepage":"https:\/\/paragonie.com"}],"source":{"type":"git","url":"https:\/\/github.com\/paragonie\/random_compat.git","reference":"298476979e3e014af0b8d7d1c04c3f1915bffd8f"},"dist":{"type":"zip","url":"https:\/\/api.github.com\/repos\/paragonie\/random_compat\/zipball\/298476979e3e014af0b8d7d1c04c3f1915bffd8f","reference":"298476979e3e014af0b8d7d1c04c3f1915bffd8f","shasum":""},"type":"library","time":"2015-09-23T04:09:57+00:00","autoload":{"files":["lib\/random.php"]},"require":{"php":">=5.2.0"},"uid":529815},"1.0.3":{"name":"paragonie\/random_compat","description":"PHP 5.x polyfill for random_bytes() and random_int() from PHP 7","keywords":["random","csprng","pseudorandom"],"homepage":"","version":"1.0.3","version_normalized":"1.0.3.0","license":["MIT"],"authors":[{"name":"Paragon Initiative Enterprises","email":"security@paragonie.com","homepage":"https:\/\/paragonie.com"}],"source":{"type":"git","url":"https:\/\/github.com\/paragonie\/random_compat.git","reference":"369ecee47fb94326bbe9fba785dc081331d80a89"},"dist":{"type":"zip","url":"https:\/\/api.github.com\/repos\/paragonie\/random_compat\/zipball\/369ecee47fb94326bbe9fba785dc081331d80a89","reference":"369ecee47fb94326bbe9fba785dc081331d80a89","shasum":""},"type":"library","time":"2015-10-02T14:15:52+00:00","autoload":{"files":["lib\/random.php"]},"require":{"php":">=5.2.0"},"uid":539309},"1.0.4":{"name":"paragonie\/random_compat","description":"PHP 5.x polyfill for random_bytes() and random_int() from PHP 7","keywords":["random","csprng","pseudorandom"],"homepage":"","version":"1.0.4","version_normalized":"1.0.4.0","license":["MIT"],"authors":[{"name":"Paragon Initiative Enterprises","email":"security@paragonie.com","homepage":"https:\/\/paragonie.com"}],"source":{"type":"git","url":"https:\/\/github.com\/paragonie\/random_compat.git","reference":"456d84c8823207a18fb146c29f8b9e3aa0a9a31c"},"dist":{"type":"zip","url":"https:\/\/api.github.com\/repos\/paragonie\/random_compat\/zipball\/456d84c8823207a18fb146c29f8b9e3aa0a9a31c","reference":"456d84c8823207a18fb146c29f8b9e3aa0a9a31c","shasum":""},"type":"library","time":"2015-10-02T22:19:38+00:00","autoload":{"files":["lib\/random.php"]},"require":{"php":">=5.2.0"},"uid":542067},"1.0.5":{"name":"paragonie\/random_compat","description":"PHP 5.x polyfill for random_bytes() and random_int() from PHP 7","keywords":["random","csprng","pseudorandom"],"homepage":"","version":"1.0.5","version_normalized":"1.0.5.0","license":["MIT"],"authors":[{"name":"Paragon Initiative Enterprises","email":"security@paragonie.com","homepage":"https:\/\/paragonie.com"}],"source":{"type":"git","url":"https:\/\/github.com\/paragonie\/random_compat.git","reference":"f667aa2000a192adfa53332335a2ae0c1cb9ea6e"},"dist":{"type":"zip","url":"https:\/\/api.github.com\/repos\/paragonie\/random_compat\/zipball\/f667aa2000a192adfa53332335a2ae0c1cb9ea6e","reference":"f667aa2000a192adfa53332335a2ae0c1cb9ea6e","shasum":""},"type":"library","time":"2015-10-08T12:57:25+00:00","autoload":{"files":["lib\/random.php"]},"require":{"php":">=5.2.0"},"uid":545443},"1.0.6":{"name":"paragonie\/random_compat","description":"PHP 5.x polyfill for random_bytes() and random_int() from PHP 7","keywords":["random","csprng","pseudorandom"],"homepage":"","version":"1.0.6","version_normalized":"1.0.6.0","license":["MIT"],"authors":[{"name":"Paragon Initiative Enterprises","email":"security@paragonie.com","homepage":"https:\/\/paragonie.com"}],"source":{"type":"git","url":"https:\/\/github.com\/paragonie\/random_compat.git","reference":"9a0ce69360aa22413a96f2bf93f61235e2c18486"},"dist":{"type":"zip","url":"https:\/\/api.github.com\/repos\/paragonie\/random_compat\/zipball\/9a0ce69360aa22413a96f2bf93f61235e2c18486","reference":"9a0ce69360aa22413a96f2bf93f61235e2c18486","shasum":""},"type":"library","time":"2015-10-16T03:43:13+00:00","autoload":{"files":["lib\/random.php"]},"require":{"php":">=5.2.0"},"suggest":{"ext-libsodium":"Provides a modern crypto API that can be used to generate random bytes."},"uid":552658},"1.0.7":{"name":"paragonie\/random_compat","description":"PHP 5.x polyfill for random_bytes() and random_int() from PHP 7","keywords":["random","csprng","pseudorandom"],"homepage":"","version":"1.0.7","version_normalized":"1.0.7.0","license":["MIT"],"authors":[{"name":"Paragon Initiative Enterprises","email":"security@paragonie.com","homepage":"https:\/\/paragonie.com"}],"source":{"type":"git","url":"https:\/\/github.com\/paragonie\/random_compat.git","reference":"df1207683dfbd1399f0fa931a368082a28fed50b"},"dist":{"type":"zip","url":"https:\/\/api.github.com\/repos\/paragonie\/random_compat\/zipball\/df1207683dfbd1399f0fa931a368082a28fed50b","reference":"df1207683dfbd1399f0fa931a368082a28fed50b","shasum":""},"type":"library","time":"2015-10-16T14:10:15+00:00","autoload":{"files":["lib\/random.php"]},"require":{"php":">=5.2.0"},"suggest":{"ext-libsodium":"Provides a modern crypto API that can be used to generate random bytes."},"uid":553987},"1.0.8":{"name":"paragonie\/random_compat","description":"PHP 5.x polyfill for random_bytes() and random_int() from PHP 7","keywords":["random","csprng","pseudorandom"],"homepage":"","version":"1.0.8","version_normalized":"1.0.8.0","license":["MIT"],"authors":[{"name":"Paragon Initiative Enterprises","email":"security@paragonie.com","homepage":"https:\/\/paragonie.com"}],"source":{"type":"git","url":"https:\/\/github.com\/paragonie\/random_compat.git","reference":"7fe2420f8ad46aa08d5b317c92a148611d366d88"},"dist":{"type":"zip","url":"https:\/\/api.github.com\/repos\/paragonie\/random_compat\/zipball\/7fe2420f8ad46aa08d5b317c92a148611d366d88","reference":"7fe2420f8ad46aa08d5b317c92a148611d366d88","shasum":""},"type":"library","time":"2015-10-18T21:39:26+00:00","autoload":{"files":["lib\/random.php"]},"require":{"php":">=5.2.0"},"suggest":{"ext-libsodium":"Provides a modern crypto API that can be used to generate random bytes."},"uid":555454},"1.0.9":{"name":"paragonie\/random_compat","description":"PHP 5.x polyfill for random_bytes() and random_int() from PHP 7","keywords":["random","csprng","pseudorandom"],"homepage":"","version":"1.0.9","version_normalized":"1.0.9.0","license":["MIT"],"authors":[{"name":"Paragon Initiative Enterprises","email":"security@paragonie.com","homepage":"https:\/\/paragonie.com"}],"source":{"type":"git","url":"https:\/\/github.com\/paragonie\/random_compat.git","reference":"7647ac58c35ece044b939e01c85dbaa73ed26351"},"dist":{"type":"zip","url":"https:\/\/api.github.com\/repos\/paragonie\/random_compat\/zipball\/7647ac58c35ece044b939e01c85dbaa73ed26351","reference":"7647ac58c35ece044b939e01c85dbaa73ed26351","shasum":""},"type":"library","time":"2015-10-20T15:22:41+00:00","autoload":{"files":["lib\/random.php"]},"require":{"php":">=5.2.0"},"suggest":{"ext-libsodium":"Provides a modern crypto API that can be used to generate random bytes."},"uid":557441},"1.1.0":{"name":"paragonie\/random_compat","description":"PHP 5.x polyfill for random_bytes() and random_int() from PHP 7","keywords":["random","csprng","pseudorandom"],"homepage":"","version":"1.1.0","version_normalized":"1.1.0.0","license":["MIT"],"authors":[{"name":"Paragon Initiative Enterprises","email":"security@paragonie.com","homepage":"https:\/\/paragonie.com"}],"source":{"type":"git","url":"https:\/\/github.com\/paragonie\/random_compat.git","reference":"19f765b66c6fbb56ee3b11bc16d52e38eebdc295"},"dist":{"type":"zip","url":"https:\/\/api.github.com\/repos\/paragonie\/random_compat\/zipball\/19f765b66c6fbb56ee3b11bc16d52e38eebdc295","reference":"19f765b66c6fbb56ee3b11bc16d52e38eebdc295","shasum":""},"type":"library","time":"2015-11-10T00:45:41+00:00","autoload":{"files":["lib\/random.php"]},"require":{"php":">=5.2.0"},"require-dev":{"phpunit\/phpunit":"4.*|5.*"},"suggest":{"ext-libsodium":"Provides a modern crypto API that can be used to generate random bytes."},"uid":579538},"dev-exceptional":{"name":"paragonie\/random_compat","description":"PHP 5.x polyfill for random_bytes() and random_int() from PHP 7","keywords":["random","csprng","pseudorandom"],"homepage":"","version":"dev-exceptional","version_normalized":"dev-exceptional","license":["MIT"],"authors":[{"name":"Paragon Initiative Enterprises","email":"security@paragonie.com","homepage":"https:\/\/paragonie.com"}],"source":{"type":"git","url":"https:\/\/github.com\/paragonie\/random_compat.git","reference":"f9702a1724fe44a4d1e7738bf36b484faf303674"},"dist":{"type":"zip","url":"https:\/\/api.github.com\/repos\/paragonie\/random_compat\/zipball\/f9702a1724fe44a4d1e7738bf36b484faf303674","reference":"f9702a1724fe44a4d1e7738bf36b484faf303674","shasum":""},"type":"library","time":"2015-09-10T18:45:36+00:00","autoload":{"files":["lib\/random.php"]},"require":{"php":">=5.2.0"},"uid":516899},"dev-master":{"name":"paragonie\/random_compat","description":"PHP 5.x polyfill for random_bytes() and random_int() from PHP 7","keywords":["random","csprng","pseudorandom"],"homepage":"","version":"dev-master","version_normalized":"9999999-dev","license":["MIT"],"authors":[{"name":"Paragon Initiative Enterprises","email":"security@paragonie.com","homepage":"https:\/\/paragonie.com"}],"source":{"type":"git","url":"https:\/\/github.com\/paragonie\/random_compat.git","reference":"19f765b66c6fbb56ee3b11bc16d52e38eebdc295"},"dist":{"type":"zip","url":"https:\/\/api.github.com\/repos\/paragonie\/random_compat\/zipball\/19f765b66c6fbb56ee3b11bc16d52e38eebdc295","reference":"19f765b66c6fbb56ee3b11bc16d52e38eebdc295","shasum":""},"type":"library","time":"2015-11-10T00:45:41+00:00","autoload":{"files":["lib\/random.php"]},"require":{"php":">=5.2.0"},"require-dev":{"phpunit\/phpunit":"4.*|5.*"},"suggest":{"ext-libsodium":"Provides a modern crypto API that can be used to generate random bytes."},"uid":455138},"v0.9.7":{"name":"paragonie\/random_compat","description":"PHP 5.x polyfill for random_bytes() and random_int() from PHP 7","keywords":["random","csprng","pseudorandom"],"homepage":"","version":"v0.9.7","version_normalized":"0.9.7.0","license":["MIT"],"authors":[{"name":"Paragon Initiative Enterprises","email":"security@paragonie.com","homepage":"https:\/\/paragonie.com"}],"source":{"type":"git","url":"https:\/\/github.com\/paragonie\/random_compat.git","reference":"f3419a01144c55acbb2c4ab86bdc55e65f23cfed"},"dist":{"type":"zip","url":"https:\/\/api.github.com\/repos\/paragonie\/random_compat\/zipball\/f3419a01144c55acbb2c4ab86bdc55e65f23cfed","reference":"f3419a01144c55acbb2c4ab86bdc55e65f23cfed","shasum":""},"type":"library","time":"2015-09-01T06:49:33+00:00","autoload":{"files":["lib\/random.php"]},"uid":507886},"v1.0.0":{"name":"paragonie\/random_compat","description":"PHP 5.x polyfill for random_bytes() and random_int() from PHP 7","keywords":["random","csprng","pseudorandom"],"homepage":"","version":"v1.0.0","version_normalized":"1.0.0.0","license":["MIT"],"authors":[{"name":"Paragon Initiative Enterprises","email":"security@paragonie.com","homepage":"https:\/\/paragonie.com"}],"source":{"type":"git","url":"https:\/\/github.com\/paragonie\/random_compat.git","reference":"a1d9f267eb8b8ad560e54e397a5ed1e3b78097d1"},"dist":{"type":"zip","url":"https:\/\/api.github.com\/repos\/paragonie\/random_compat\/zipball\/a1d9f267eb8b8ad560e54e397a5ed1e3b78097d1","reference":"a1d9f267eb8b8ad560e54e397a5ed1e3b78097d1","shasum":""},"type":"library","time":"2015-09-07T01:49:23+00:00","autoload":{"files":["lib\/random.php"]},"require":{"php":">=5.2.0"},"uid":513610}}}}